BATCH,COMPANY,TYPE,REPORT.NAME,START.TIME,END.TIME,ELAPSED.TIME
BNK/B.BLF.CATEG.SENS,LB0010001,ENQ,BLF.E.CATEG.SENS,22:25:55,22:27:30,00:01:35
BNK/B.BLF.COMPLIANCE.DAILY,LB0010001,ENQ,BLF.E.COMPLIANCE,20:05:13,20:05:48,00:00:35
BNK/B.BLF.COMPLIANCE.DAILY,LB0010001,ENQ,BLF.E.STAFF.GTLIMIT.D,20:05:48,20:05:51,00:00:03
BNK/B.BLF.DAILY.CASH.BYBRANCH,LB0010001,ENQ,BLF.E.DAILY.CASH.BYBRANCH,19:52:41,19:52:47,00:00:06
BNK/B.BLF.SUSPECT.CUST.DETAILED,LB0010001,ENQ,BLF.E.SUSPECT.CUST.DET,19:53:22,20:08:55,00:15:33
BNK/BLF.ACC.SPECIAL.RATE,LB0010001,ENQ,BLF.ACC.SPECIAL.RATE,22:26:49,22:35:30,00:08:41
BNK/BLF.CUSTOMER.EXCEED.LIMIT,LB0010001,ENQ,BLF.CUSTOMER.EXCEED.LIMIT,19:53:33,19:54:39,00:01:06
BNK/BLF.DAILY.PROTOCOL,LB0010001,ENQ,BLF.DAILY.PROTOCOL,23:16:45,23:16:47,00:00:02
BNK/BLF.E.ADC.DAILY.MVTS.RECOUV,LB0010001,ENQ,BLF.E.ADC.D.MVTS.RECOUV,19:53:37,19:57:38,00:04:01
BNK/BLF.E.AUDIT.STAFF.MVTS,LB0010001,ENQ,BLF.E.AUDIT.STAFF.MVTS,19:53:38,20:26:17,00:32:39
BNK/BLF.E.BLF.CORP.MVJRX,LB0010001,ENQ,BLF.E.BLF.CORP.MVJRX,19:53:40,20:09:35,00:15:55
BNK/BLF.E.CRITICAL.STAFF,LB0010001,ENQ,BLF.E.CRITICAL.STAFF,19:53:41,19:53:50,00:00:09
BNK/BLF.E.FT.BILLING.SLIPS,LB0010001,ENQ,BLF.E.FT.BILLING.SLIPS,19:53:42,19:54:03,00:00:21
BNK/BLF.E.INCC.STAFF,LB0010001,ENQ,BLF.E.INCC.STAFF,22:26:52,23:20:42,00:53:50
BNK/BLF.E.MAJ.PROFILS,LB0010001,ENQ,BLF.E.MAJ.PROFILS,19:53:43,19:53:45,00:00:02
BNK/BLF.E.SECRET.ACCTS,LB0010001,ENQ,BLF.E.SECRET.ACCTS,19:53:44,19:54:05,00:00:21
BNK/BLF.E.STAFF.NON.STAFF,LB0010001,ENQ,BLF.E.STAFF.NON.STAFF,19:53:45,19:57:31,00:03:46
BNK/BLF.MM.FUDICIARY.STS,LB0010001,ENQ,BLF.MM.FUDICIARY.STS,19:53:48,19:53:50,00:00:02
BNK/BLF.MM.LIMIT,LB0010001,ENQ,BLF.MM.LIMIT,19:53:50,19:53:52,00:00:02
BNK/BLF.NOFILE.PROT.CRITIC,LB0010001,ENQ,BLF.NOFILE.PROT.CRITIC,19:53:51,20:26:35,00:32:44
BNK/BLF.SOLD.BUY.CUR,LB0010001,ENQ,BLF.SOLD.BUY.CUR,19:53:52,19:54:53,00:01:01
BNK/BLF.STAFF.MVTS.MONTHLY,LB0010001,ENQ,BLF.E.STAFF.MVTS.MONTHLY,19:53:53,20:26:44,00:32:51
BNK/E.BLF.CUST.ADD.AMEND,LB0010001,ENQ,BLF.E.CUST.ADD.AMEND,22:26:53,22:26:55,00:00:02
BNK/PRINT.MERCH.DS,LB0010001,ENQ,BLF.E.FT.PRINT.MERCH.DS,16:50:05,16:51:07,00:01:02
BNK/REPORT.PRINT.APPLICATION,LB0010001,ENQ,BLF.E.OT.ISS.CLIENT.LDAY,21:05:11,21:05:22,00:00:11
BNK/REPORT.PRINT.APPLICATION,LB0010001,ENQ,FR.HEDGE.REVAL,21:05:11,21:05:12,00:00:01
BNK/REPORT.PRINT.APPLICATION,LB0010001,ENQ,FX.OPTION.LAST.DEL.REPORT,21:05:10,21:05:12,00:00:02
BNK/REPORT.PRINT.APPLICATION,LB0010001,ENQ,FX.OPTION.OS.REPORT,21:05:10,21:05:12,00:00:02
BNK/REPORT.PRINT.APPLICATION,LB0010001,ENQ,SL.DRAW.IMMINENT.MAT,21:05:10,21:05:10,00:00:00
BNK/REPORT.PRINT.APPLICATION,LB0010001,ENQ,SL.DRAW.MAT.PARTICIPANT,21:05:10,21:05:10,00:00:00
BNK/REPORT.PRINT.APPLICATION,LB0010001,ENQ,SL.IMMINENT.MAT.RPT,21:05:03,21:05:04,00:00:01
BNK/REPORT.PRINT.APPLICATION,LB0010001,ENQ,SW.CCY.REVAL,21:05:04,21:05:04,00:00:00
BNK/REPORT.PRINT.APPLICATION,LB0010001,ENQ,SW.NPV.DIFF.CCY.REVAL,21:05:04,21:05:05,00:00:01
BNK/REPORT.PRINT.APPLICATION,LB0010001,ENQ,SW.NPV.REVAL,21:05:05,21:05:06,00:00:01
BNK/REPORT.PRINT.APPLICATION,LB0010001,ENQ,TAM.E.AZ.ACCOUNT.MARGIN,21:05:06,21:05:08,00:00:02
BNK/REPORT.PRINT.APPLICATION,LB0010001,ENQ,TAM.E.DAILY.CASH.OPR.REP,21:05:08,21:05:09,00:00:01
BNK/REPORT.PRINT.APPLICATION,LB0010001,ENQ,TAM.E.DAILY.CASH.REP,21:05:09,21:05:10,00:00:01
BNK/REPORT.PRINT.APPLICATION,LB0010001,ENQ,TAM.E.LD1.DEALSLIPS,21:05:02,21:05:28,00:00:26
BNK/REPORT.PRINT.APPLICATION,LB0010001,ENQ,TAM.E.LD1.DEALSLIPS.BANK,21:05:11,21:05:34,00:00:23
BNK/REPORT.PRINT.APPLICATION,LB0010001,ENQ,TAM.E.LD1.DEALSLIPS.FR,21:05:12,21:05:35,00:00:23
BNK/REPORT.PRINT.APPLICATION,LB0010001,ENQ,TAM.E.LD1.DS.AR,21:05:12,21:05:35,00:00:23
BNK/REPORT.PRINT.APPLICATION,LB0010001,ENQ,TAM.E.LD1.DS.BANK.AR,21:05:12,21:05:35,00:00:23
BNK/REPORT.PRINT.APPLICATION,LB0010001,ENQ,TAM.E.LD1.DS.BANK.FR,21:05:10,21:05:34,00:00:24
BNK/REPORT.PRINT.APPLICATION,LB0010001,ENQ,TAM.E.LD1.PIFM.DS,21:05:12,21:05:13,00:00:01
BNK/REPORT.PRINT.APPLICATION,LB0010001,ENQ,TAM.E.LD1.PIFM.DS.AR,21:05:00,21:05:02,00:00:02
BNK/REPORT.PRINT.APPLICATION,LB0010001,ENQ,TAM.E.LD1.PIFM.DS.BANK,21:05:02,21:05:03,00:00:01
BNK/REPORT.PRINT.APPLICATION,LB0010001,ENQ,TAM.E.LD1.PIFM.DS.BANK.AR,21:05:03,21:05:05,00:00:02
BNK/REPORT.PRINT.APPLICATION,LB0010001,ENQ,TAM.E.LD1.PIFM.DS.BANK.FR,21:05:05,21:05:06,00:00:01
BNK/REPORT.PRINT.APPLICATION,LB0010001,ENQ,TAM.E.LD1.PIFM.DS.FR,21:05:06,21:05:08,00:00:02
BNK/REPORT.PRINT.APPLICATION,LB0010001,ENQ,TAM.LCS.BY.RSKPTY,21:05:08,21:05:30,00:00:22
BNK/REPORT.PRINT.APPLICATION,LB0010001,RPG,LC.ACCEPT,21:05:11,21:05:12,00:00:01
BNK/REPORT.PRINT.APPLICATION,LB0010001,RPG,LC.ACPT.DUE,21:05:03,21:05:08,00:00:05
BNK/REPORT.PRINT.APPLICATION,LB0010001,RPG,LC.DISCOUNT,21:05:08,21:05:10,00:00:02
BNK/REPORT.PRINT.APPLICATION,LB0010001,RPG,LC.DRAWINGS,21:05:10,21:05:14,00:00:04
BNK/REPORT.PRINT.APPLICATION,LB0010001,RPG,LCS.BY.BENE,21:05:11,21:05:16,00:00:05
BNK/REPORT.PRINT.APPLICATION,LB0010001,RPG,LCS.BY.EXPIRY,21:05:11,21:05:35,00:00:24
BNK/REPORT.PRINT.APPLICATION,LB0010001,RPG,LCS.BY.RSKPTY,21:05:11,21:05:35,00:00:24
BNK/REPORT.PRINT.APPLICATION,LB0010001,RPG,LCS.EXPIRY.DUE,21:05:12,21:05:35,00:00:23
BNK/REPORT.PRINT.APPLICATION,LB0010001,RPG,MM0001,21:05:01,21:05:10,00:00:09
BNK/REPORT.PRINT.APPLICATION,LB0010001,RPG,MM0002,21:05:10,21:05:13,00:00:03
BNK/REPORT.PRINT.APPLICATION,LB0010001,RPG,MM0003,21:05:10,21:05:12,00:00:02
BNK/REPORT.PRINT.APPLICATION,LB0010001,RPG,MM0004,21:05:10,21:05:19,00:00:09
BNK/REPORT.PRINT.APPLICATION,LB0010001,RPG,MM0005,21:05:11,21:05:12,00:00:01
BNK/REPORT.PRINT.APPLICATION,LB0010001,RPG,MM0006,21:05:10,21:05:11,00:00:01
BNK/REPORT.PRINT.APPLICATION,LB0010001,RTN,EOD.ACCRUALS.PRINT,21:05:11,21:05:12,00:00:01
BNK/REPORT.PRINT.APPLICATION,LB0010001,RTN,EOD.BROKER.UNCONF,21:05:00,21:05:03,00:00:03
BNK/REPORT.PRINT.APPLICATION,LB0010001,RTN,EOD.CPARTY.UNCONF,21:05:03,21:05:11,00:00:08
BNK/REPORT.PRINT.APPLICATION,LB0010001,RTN,EOD.DELIVERY.PRINT,21:05:11,21:05:12,00:00:01
BNK/REPORT.PRINT.APPLICATION,LB0010001,RTN,EOD.EXCEPTIONS.PRINT,21:05:10,21:05:11,00:00:01
BNK/REPORT.PRINT.APPLICATION,LB0010001,RTN,EOD.MATURED.DELIVERY,21:05:09,21:05:11,00:00:02
BNK/REPORT.PRINT.APPLICATION,LB0010001,RTN,EOD.MATURITY.PRINT,21:05:11,21:05:12,00:00:01
BNK/REPORT.PRINT.APPLICATION,LB0010001,RTN,FRA.CHECK.RATE.SETTING,21:05:11,21:05:13,00:00:02
BNK/REPORT.PRINT.APPLICATION,LB0010001,RTN,FRA.EOD.HEDGE.DEALS.RPT,21:05:00,21:05:00,00:00:00
BNK/REPORT.PRINT.APPLICATION,LB0010001,RTN,FRA.EOD.MTH.ACCRUALS.RPT,21:05:00,21:05:00,00:00:00
BNK/REPORT.PRINT.APPLICATION,LB0010001,RTN,FRA.REALISED.PL.RPT,21:05:00,21:05:01,00:00:01
BNK/REPORT.PRINT.APPLICATION,LB0010001,RTN,FRA.REPORTS,21:05:01,21:05:06,00:00:05
BNK/REPORT.PRINT.APPLICATION,LB0010002,ENQ,SL.DRAW.IMMINENT.MAT,21:05:06,21:05:07,00:00:01
BNK/REPORT.PRINT.APPLICATION,LB0010002,ENQ,SL.DRAW.MAT.PARTICIPANT,21:05:07,21:05:08,00:00:01
BNK/REPORT.PRINT.APPLICATION,LB0010002,ENQ,SL.IMMINENT.MAT.RPT,21:05:08,21:05:09,00:00:01
BNK/REPORT.PRINT.APPLICATION,LB0010003,ENQ,SL.DRAW.IMMINENT.MAT,21:05:06,21:05:07,00:00:01
BNK/REPORT.PRINT.APPLICATION,LB0010003,ENQ,SL.DRAW.MAT.PARTICIPANT,21:05:07,21:05:08,00:00:01
BNK/REPORT.PRINT.APPLICATION,LB0010003,ENQ,SL.IMMINENT.MAT.RPT,21:05:08,21:05:10,00:00:02
BNK/REPORT.PRINT.APPLICATION,LB0010004,ENQ,SL.DRAW.IMMINENT.MAT,21:05:09,21:05:10,00:00:01
BNK/REPORT.PRINT.APPLICATION,LB0010004,ENQ,SL.DRAW.MAT.PARTICIPANT,21:05:10,21:05:10,00:00:00
BNK/REPORT.PRINT.APPLICATION,LB0010004,ENQ,SL.IMMINENT.MAT.RPT,21:05:10,21:05:10,00:00:00
BNK/REPORT.PRINT.APPLICATION,LB0010005,ENQ,SL.DRAW.IMMINENT.MAT,21:05:10,21:05:11,00:00:01
BNK/REPORT.PRINT.APPLICATION,LB0010005,ENQ,SL.DRAW.MAT.PARTICIPANT,21:05:03,21:05:04,00:00:01
BNK/REPORT.PRINT.APPLICATION,LB0010005,ENQ,SL.IMMINENT.MAT.RPT,21:05:04,21:05:04,00:00:00
BNK/REPORT.PRINT.APPLICATION,LB0010006,ENQ,SL.DRAW.IMMINENT.MAT,21:05:04,21:05:05,00:00:01
BNK/REPORT.PRINT.APPLICATION,LB0010006,ENQ,SL.DRAW.MAT.PARTICIPANT,21:05:05,21:05:06,00:00:01
BNK/REPORT.PRINT.APPLICATION,LB0010006,ENQ,SL.IMMINENT.MAT.RPT,21:05:06,21:05:08,00:00:02
BNK/REPORT.PRINT.APPLICATION,LB0010007,ENQ,SL.DRAW.IMMINENT.MAT,21:05:08,21:05:09,00:00:01
BNK/REPORT.PRINT.APPLICATION,LB0010007,ENQ,SL.DRAW.MAT.PARTICIPANT,21:05:09,21:05:10,00:00:01
BNK/REPORT.PRINT.APPLICATION,LB0010007,ENQ,SL.IMMINENT.MAT.RPT,21:05:02,21:05:03,00:00:01
BNK/REPORT.PRINT.APPLICATION,LB0010008,ENQ,SL.DRAW.IMMINENT.MAT,21:05:03,21:05:04,00:00:01
BNK/REPORT.PRINT.APPLICATION,LB0010008,ENQ,SL.DRAW.MAT.PARTICIPANT,21:05:04,21:05:05,00:00:01
BNK/REPORT.PRINT.APPLICATION,LB0010008,ENQ,SL.IMMINENT.MAT.RPT,21:05:05,21:05:05,00:00:00
BNK/REPORT.PRINT.APPLICATION,LB0010009,ENQ,SL.DRAW.IMMINENT.MAT,21:05:06,21:05:06,00:00:00
BNK/REPORT.PRINT.APPLICATION,LB0010009,ENQ,SL.DRAW.MAT.PARTICIPANT,21:05:07,21:05:08,00:00:01
BNK/REPORT.PRINT.APPLICATION,LB0010009,ENQ,SL.IMMINENT.MAT.RPT,21:05:08,21:05:09,00:00:01
BNK/REPORT.PRINT.APPLICATION,LB0010010,ENQ,SL.DRAW.IMMINENT.MAT,21:05:10,21:05:11,00:00:01
BNK/REPORT.PRINT.APPLICATION,LB0010010,ENQ,SL.DRAW.MAT.PARTICIPANT,21:05:07,21:05:08,00:00:01
BNK/REPORT.PRINT.APPLICATION,LB0010010,ENQ,SL.IMMINENT.MAT.RPT,21:05:08,21:05:09,00:00:01
BNK/REPORT.PRINT.APPLICATION,LB0010011,ENQ,SL.DRAW.IMMINENT.MAT,21:05:09,21:05:10,00:00:01
BNK/REPORT.PRINT.APPLICATION,LB0010011,ENQ,SL.DRAW.MAT.PARTICIPANT,21:05:10,21:05:11,00:00:01
BNK/REPORT.PRINT.APPLICATION,LB0010011,ENQ,SL.IMMINENT.MAT.RPT,21:05:10,21:05:10,00:00:00
BNK/REPORT.PRINT.APPLICATION,LB0010012,ENQ,SL.DRAW.IMMINENT.MAT,21:05:10,21:05:12,00:00:02
BNK/REPORT.PRINT.APPLICATION,LB0010012,ENQ,SL.DRAW.MAT.PARTICIPANT,21:05:11,21:05:11,00:00:00
BNK/REPORT.PRINT.APPLICATION,LB0010012,ENQ,SL.IMMINENT.MAT.RPT,21:05:00,21:05:01,00:00:01
BNK/REPORT.PRINT.APPLICATION,LB0010013,ENQ,SL.DRAW.IMMINENT.MAT,21:05:01,21:05:03,00:00:02
BNK/REPORT.PRINT.APPLICATION,LB0010013,ENQ,SL.DRAW.MAT.PARTICIPANT,21:05:03,21:05:04,00:00:01
BNK/REPORT.PRINT.APPLICATION,LB0010013,ENQ,SL.IMMINENT.MAT.RPT,21:05:04,21:05:05,00:00:01
BNK/REPORT.PRINT.APPLICATION,LB0010014,ENQ,SL.DRAW.IMMINENT.MAT,21:05:05,21:05:06,00:00:01
BNK/REPORT.PRINT.APPLICATION,LB0010014,ENQ,SL.DRAW.MAT.PARTICIPANT,21:05:06,21:05:07,00:00:01
BNK/REPORT.PRINT.APPLICATION,LB0010014,ENQ,SL.IMMINENT.MAT.RPT,21:05:08,21:05:08,00:00:00
BNK/REPORT.PRINT.APPLICATION,LB0010015,ENQ,SL.DRAW.IMMINENT.MAT,21:05:01,21:05:02,00:00:01
BNK/REPORT.PRINT.APPLICATION,LB0010015,ENQ,SL.DRAW.MAT.PARTICIPANT,21:05:02,21:05:03,00:00:01
BNK/REPORT.PRINT.APPLICATION,LB0010015,ENQ,SL.IMMINENT.MAT.RPT,21:05:03,21:05:04,00:00:01
BNK/REPORT.PRINT.APPLICATION,LB0010016,ENQ,SL.DRAW.IMMINENT.MAT,21:05:04,21:05:06,00:00:02
BNK/REPORT.PRINT.APPLICATION,LB0010016,ENQ,SL.DRAW.MAT.PARTICIPANT,21:05:06,21:05:06,00:00:00
BNK/REPORT.PRINT.APPLICATION,LB0010016,ENQ,SL.IMMINENT.MAT.RPT,21:05:07,21:05:08,00:00:01
BNK/REPORT.PRINT.APPLICATION,LB0010017,ENQ,SL.DRAW.IMMINENT.MAT,21:05:08,21:05:09,00:00:01
BNK/REPORT.PRINT.APPLICATION,LB0010017,ENQ,SL.DRAW.MAT.PARTICIPANT,21:05:00,21:05:02,00:00:02
BNK/REPORT.PRINT.APPLICATION,LB0010017,ENQ,SL.IMMINENT.MAT.RPT,21:05:02,21:05:03,00:00:01
BNK/REPORT.PRINT.APPLICATION,LB0010018,ENQ,SL.DRAW.IMMINENT.MAT,21:05:03,21:05:04,00:00:01
BNK/REPORT.PRINT.APPLICATION,LB0010018,ENQ,SL.DRAW.MAT.PARTICIPANT,21:05:04,21:05:05,00:00:01
BNK/REPORT.PRINT.APPLICATION,LB0010018,ENQ,SL.IMMINENT.MAT.RPT,21:05:05,21:05:06,00:00:01
BNK/REPORT.PRINT.APPLICATION,LB0010019,ENQ,SL.DRAW.IMMINENT.MAT,21:05:06,21:05:07,00:00:01
BNK/REPORT.PRINT.APPLICATION,LB0010019,ENQ,SL.DRAW.MAT.PARTICIPANT,21:05:07,21:05:08,00:00:01
BNK/REPORT.PRINT.APPLICATION,LB0010019,ENQ,SL.IMMINENT.MAT.RPT,21:05:04,21:05:05,00:00:01
BNK/REPORT.PRINT.APPLICATION,LB0010020,ENQ,SL.DRAW.IMMINENT.MAT,21:05:05,21:05:06,00:00:01
BNK/REPORT.PRINT.APPLICATION,LB0010020,ENQ,SL.DRAW.MAT.PARTICIPANT,21:05:06,21:05:07,00:00:01
BNK/REPORT.PRINT.APPLICATION,LB0010020,ENQ,SL.IMMINENT.MAT.RPT,21:05:07,21:05:08,00:00:01
BNK/REPORT.PRINT.APPLICATION,LB0010021,ENQ,SL.DRAW.IMMINENT.MAT,21:05:08,21:05:09,00:00:01
BNK/REPORT.PRINT.APPLICATION,LB0010021,ENQ,SL.DRAW.MAT.PARTICIPANT,21:05:09,21:05:10,00:00:01
BNK/REPORT.PRINT.APPLICATION,LB0010021,ENQ,SL.IMMINENT.MAT.RPT,21:05:10,21:05:10,00:00:00
BNK/REPORT.PRINT.APPLICATION,LB0010022,ENQ,SL.DRAW.IMMINENT.MAT,21:05:03,21:05:04,00:00:01
BNK/REPORT.PRINT.APPLICATION,LB0010022,ENQ,SL.DRAW.MAT.PARTICIPANT,21:05:04,21:05:05,00:00:01
BNK/REPORT.PRINT.APPLICATION,LB0010022,ENQ,SL.IMMINENT.MAT.RPT,21:05:05,21:05:06,00:00:01
BNK/REPORT.PRINT.APPLICATION,LB0010023,ENQ,SL.DRAW.IMMINENT.MAT,21:05:06,21:05:08,00:00:02
BNK/REPORT.PRINT.APPLICATION,LB0010023,ENQ,SL.DRAW.MAT.PARTICIPANT,21:05:08,21:05:08,00:00:00
BNK/REPORT.PRINT.APPLICATION,LB0010023,ENQ,SL.IMMINENT.MAT.RPT,21:05:08,21:05:09,00:00:01
BNK/REPORT.PRINT.APPLICATION,LB0010024,ENQ,SL.DRAW.IMMINENT.MAT,21:05:09,21:05:10,00:00:01
BNK/REPORT.PRINT.APPLICATION,LB0010024,ENQ,SL.DRAW.MAT.PARTICIPANT,21:05:03,21:05:04,00:00:01
BNK/REPORT.PRINT.APPLICATION,LB0010024,ENQ,SL.IMMINENT.MAT.RPT,21:05:04,21:05:05,00:00:01
BNK/REPORT.PRINT.APPLICATION,LB0010025,ENQ,SL.DRAW.IMMINENT.MAT,21:05:05,21:05:06,00:00:01
BNK/REPORT.PRINT.APPLICATION,LB0010025,ENQ,SL.DRAW.MAT.PARTICIPANT,21:05:06,21:05:06,00:00:00
BNK/REPORT.PRINT.APPLICATION,LB0010025,ENQ,SL.IMMINENT.MAT.RPT,21:05:06,21:05:08,00:00:02
BNK/REPORT.PRINT.APPLICATION,LB0010026,ENQ,SL.DRAW.IMMINENT.MAT,21:05:08,21:05:10,00:00:02
BNK/REPORT.PRINT.APPLICATION,LB0010026,ENQ,SL.DRAW.MAT.PARTICIPANT,21:05:09,21:05:09,00:00:00
BNK/REPORT.PRINT.APPLICATION,LB0010026,ENQ,SL.IMMINENT.MAT.RPT,21:05:01,21:05:02,00:00:01
BNK/REPORT.PRINT.APPLICATION,LB0010027,ENQ,SL.DRAW.IMMINENT.MAT,21:05:02,21:05:03,00:00:01
BNK/REPORT.PRINT.APPLICATION,LB0010027,ENQ,SL.DRAW.MAT.PARTICIPANT,21:05:03,21:05:04,00:00:01
BNK/REPORT.PRINT.APPLICATION,LB0010027,ENQ,SL.IMMINENT.MAT.RPT,21:05:04,21:05:05,00:00:01
BNK/REPORT.PRINT.APPLICATION,LB0010028,ENQ,SL.DRAW.IMMINENT.MAT,21:05:05,21:05:06,00:00:01
BNK/REPORT.PRINT.APPLICATION,LB0010028,ENQ,SL.DRAW.MAT.PARTICIPANT,21:05:06,21:05:07,00:00:01
BNK/REPORT.PRINT.APPLICATION,LB0010028,ENQ,SL.IMMINENT.MAT.RPT,21:05:07,21:05:08,00:00:01
BNK/REPORT.PRINT.APPLICATION,LB0010029,ENQ,SL.DRAW.IMMINENT.MAT,21:05:06,21:05:07,00:00:01
BNK/REPORT.PRINT.APPLICATION,LB0010029,ENQ,SL.DRAW.MAT.PARTICIPANT,21:05:07,21:05:08,00:00:01
BNK/REPORT.PRINT.APPLICATION,LB0010029,ENQ,SL.IMMINENT.MAT.RPT,21:05:08,21:05:10,00:00:02
BNK/REPORT.PRINT.APPLICATION,LB0010030,ENQ,SL.DRAW.IMMINENT.MAT,21:05:08,21:05:09,00:00:01
BNK/REPORT.PRINT.APPLICATION,LB0010030,ENQ,SL.DRAW.MAT.PARTICIPANT,21:05:09,21:05:10,00:00:01
BNK/REPORT.PRINT.APPLICATION,LB0010030,ENQ,SL.IMMINENT.MAT.RPT,21:05:10,21:05:10,00:00:00
BNK/REPORT.PRINT.APPLICATION,LB0010031,ENQ,SL.DRAW.IMMINENT.MAT,21:05:09,21:05:10,00:00:01
BNK/REPORT.PRINT.APPLICATION,LB0010031,ENQ,SL.DRAW.MAT.PARTICIPANT,21:05:01,21:05:02,00:00:01
BNK/REPORT.PRINT.APPLICATION,LB0010031,ENQ,SL.IMMINENT.MAT.RPT,21:05:02,21:05:03,00:00:01
BNK/REPORT.PRINT.APPLICATION,LB0010032,ENQ,SL.DRAW.IMMINENT.MAT,21:05:03,21:05:04,00:00:01
BNK/REPORT.PRINT.APPLICATION,LB0010032,ENQ,SL.DRAW.MAT.PARTICIPANT,21:05:04,21:05:06,00:00:02
BNK/REPORT.PRINT.APPLICATION,LB0010032,ENQ,SL.IMMINENT.MAT.RPT,21:05:06,21:05:07,00:00:01
BNK/REPORT.PRINT.APPLICATION,LB0010033,ENQ,SL.DRAW.IMMINENT.MAT,21:05:07,21:05:08,00:00:01
BNK/REPORT.PRINT.APPLICATION,LB0010033,ENQ,SL.DRAW.MAT.PARTICIPANT,21:05:08,21:05:09,00:00:01
BNK/REPORT.PRINT.APPLICATION,LB0010033,ENQ,SL.IMMINENT.MAT.RPT,21:05:08,21:05:10,00:00:02
BNK/REPORT.PRINT.APPLICATION,LB0010034,ENQ,SL.DRAW.IMMINENT.MAT,21:05:01,21:05:02,00:00:01
BNK/REPORT.PRINT.APPLICATION,LB0010034,ENQ,SL.DRAW.MAT.PARTICIPANT,21:05:02,21:05:03,00:00:01
BNK/REPORT.PRINT.APPLICATION,LB0010034,ENQ,SL.IMMINENT.MAT.RPT,21:05:03,21:05:04,00:00:01
BNK/REPORT.PRINT.APPLICATION,LB0010035,ENQ,SL.DRAW.IMMINENT.MAT,21:05:04,21:05:05,00:00:01
BNK/REPORT.PRINT.APPLICATION,LB0010035,ENQ,SL.DRAW.MAT.PARTICIPANT,21:05:05,21:05:06,00:00:01
BNK/REPORT.PRINT.APPLICATION,LB0010035,ENQ,SL.IMMINENT.MAT.RPT,21:05:06,21:05:07,00:00:01
BNK/REPORT.PRINT.APPLICATION,LB0010036,ENQ,SL.DRAW.IMMINENT.MAT,21:05:07,21:05:08,00:00:01
BNK/REPORT.PRINT.APPLICATION,LB0010036,ENQ,SL.DRAW.MAT.PARTICIPANT,21:04:59,21:05:00,00:00:01
BNK/REPORT.PRINT.APPLICATION,LB0010036,ENQ,SL.IMMINENT.MAT.RPT,21:05:01,21:05:02,00:00:01
BNK/REPORT.PRINT.APPLICATION,LB0010037,ENQ,SL.DRAW.IMMINENT.MAT,21:05:02,21:05:03,00:00:01
BNK/REPORT.PRINT.APPLICATION,LB0010037,ENQ,SL.DRAW.MAT.PARTICIPANT,21:05:03,21:05:04,00:00:01
BNK/REPORT.PRINT.APPLICATION,LB0010037,ENQ,SL.IMMINENT.MAT.RPT,21:05:04,21:05:06,00:00:02
BNK/REPORT.PRINT.APPLICATION,LB0010038,ENQ,SL.DRAW.IMMINENT.MAT,21:05:06,21:05:06,00:00:00
BNK/REPORT.PRINT.APPLICATION,LB0010038,ENQ,SL.DRAW.MAT.PARTICIPANT,21:05:06,21:05:08,00:00:02
BNK/REPORT.PRINT.APPLICATION,LB0010038,ENQ,SL.IMMINENT.MAT.RPT,21:05:00,21:05:02,00:00:02
BNK/REPORT.PRINT.APPLICATION,LB0010040,ENQ,SL.DRAW.IMMINENT.MAT,21:05:02,21:05:03,00:00:01
BNK/REPORT.PRINT.APPLICATION,LB0010040,ENQ,SL.DRAW.MAT.PARTICIPANT,21:05:03,21:05:04,00:00:01
BNK/REPORT.PRINT.APPLICATION,LB0010040,ENQ,SL.IMMINENT.MAT.RPT,21:05:04,21:05:05,00:00:01
BNK/REPORT.PRINT.APPLICATION,LB0010041,ENQ,SL.DRAW.IMMINENT.MAT,21:05:05,21:05:06,00:00:01
BNK/REPORT.PRINT.APPLICATION,LB0010041,ENQ,SL.DRAW.MAT.PARTICIPANT,21:05:06,21:05:08,00:00:02
BNK/REPORT.PRINT.APPLICATION,LB0010041,ENQ,SL.IMMINENT.MAT.RPT,21:05:08,21:05:08,00:00:00
BNK/REPORT.PRINT.APPLICATION,LB0010042,ENQ,SL.DRAW.IMMINENT.MAT,21:05:01,21:05:02,00:00:01
BNK/REPORT.PRINT.APPLICATION,LB0010042,ENQ,SL.DRAW.MAT.PARTICIPANT,21:05:02,21:05:03,00:00:01
BNK/REPORT.PRINT.APPLICATION,LB0010042,ENQ,SL.IMMINENT.MAT.RPT,21:05:03,21:05:04,00:00:01
BNK/REPORT.PRINT.APPLICATION,LB0010043,ENQ,SL.DRAW.IMMINENT.MAT,21:05:04,21:05:06,00:00:02
BNK/REPORT.PRINT.APPLICATION,LB0010043,ENQ,SL.DRAW.MAT.PARTICIPANT,21:05:06,21:05:07,00:00:01
BNK/REPORT.PRINT.APPLICATION,LB0010043,ENQ,SL.IMMINENT.MAT.RPT,21:05:07,21:05:08,00:00:01
BNK/REPORT.PRINT.APPLICATION,LB0010049,ENQ,SL.DRAW.IMMINENT.MAT,21:05:08,21:05:09,00:00:01
BNK/REPORT.PRINT.APPLICATION,LB0010049,ENQ,SL.DRAW.MAT.PARTICIPANT,21:05:00,21:05:01,00:00:01
BNK/REPORT.PRINT.APPLICATION,LB0010049,ENQ,SL.IMMINENT.MAT.RPT,21:05:01,21:05:03,00:00:02
BNK/REPORT.PRINT.APPLICATION,LB0010050,ENQ,SL.DRAW.IMMINENT.MAT,21:05:03,21:05:04,00:00:01
BNK/REPORT.PRINT.APPLICATION,LB0010050,ENQ,SL.DRAW.MAT.PARTICIPANT,21:05:04,21:05:05,00:00:01
BNK/REPORT.PRINT.APPLICATION,LB0010050,ENQ,SL.IMMINENT.MAT.RPT,21:05:05,21:05:06,00:00:01
BNK/REPORT.PRINT.APPLICATION,LB0010051,ENQ,SL.DRAW.IMMINENT.MAT,21:05:06,21:05:06,00:00:00
BNK/REPORT.PRINT.APPLICATION,LB0010051,ENQ,SL.DRAW.MAT.PARTICIPANT,21:05:07,21:05:07,00:00:00
BNK/REPORT.PRINT.APPLICATION,LB0010051,ENQ,SL.IMMINENT.MAT.RPT,21:05:01,21:05:02,00:00:01
BNK/REPORT.PRINT.APPLICATION,LB0010052,ENQ,SL.DRAW.IMMINENT.MAT,21:05:02,21:05:03,00:00:01
BNK/REPORT.PRINT.APPLICATION,LB0010052,ENQ,SL.DRAW.MAT.PARTICIPANT,21:05:03,21:05:04,00:00:01
BNK/REPORT.PRINT.APPLICATION,LB0010052,ENQ,SL.IMMINENT.MAT.RPT,21:05:04,21:05:06,00:00:02
BNK/REPORT.PRINT.APPLICATION,LB0010060,ENQ,SL.DRAW.IMMINENT.MAT,21:05:06,21:05:06,00:00:00
BNK/REPORT.PRINT.APPLICATION,LB0010060,ENQ,SL.DRAW.MAT.PARTICIPANT,21:05:06,21:05:08,00:00:02
BNK/REPORT.PRINT.APPLICATION,LB0010060,ENQ,SL.IMMINENT.MAT.RPT,21:05:08,21:05:09,00:00:01
BNK/REPORT.PRINT.APPLICATION,LB0010061,ENQ,SL.DRAW.IMMINENT.MAT,21:05:01,21:05:02,00:00:01
BNK/REPORT.PRINT.APPLICATION,LB0010061,ENQ,SL.DRAW.MAT.PARTICIPANT,21:05:02,21:05:03,00:00:01
BNK/REPORT.PRINT.APPLICATION,LB0010061,ENQ,SL.IMMINENT.MAT.RPT,21:05:03,21:05:04,00:00:01
BNK/REPORT.PRINT.APPLICATION,LB0010062,ENQ,SL.DRAW.IMMINENT.MAT,21:05:04,21:05:05,00:00:01
BNK/REPORT.PRINT.APPLICATION,LB0010062,ENQ,SL.DRAW.MAT.PARTICIPANT,21:05:05,21:05:06,00:00:01
BNK/REPORT.PRINT.APPLICATION,LB0010062,ENQ,SL.IMMINENT.MAT.RPT,21:05:06,21:05:07,00:00:01
BNK/REPORT.PRINT.APPLICATION,LB0010063,ENQ,SL.DRAW.IMMINENT.MAT,21:05:07,21:05:08,00:00:01
BNK/REPORT.PRINT.APPLICATION,LB0010063,ENQ,SL.DRAW.MAT.PARTICIPANT,21:05:01,21:05:02,00:00:01
BNK/REPORT.PRINT.APPLICATION,LB0010063,ENQ,SL.IMMINENT.MAT.RPT,21:05:02,21:05:03,00:00:01
BNK/REPORT.PRINT.APPLICATION,LB0010070,ENQ,SL.DRAW.IMMINENT.MAT,21:05:03,21:05:04,00:00:01
BNK/REPORT.PRINT.APPLICATION,LB0010070,ENQ,SL.DRAW.MAT.PARTICIPANT,21:05:04,21:05:05,00:00:01
BNK/REPORT.PRINT.APPLICATION,LB0010070,ENQ,SL.IMMINENT.MAT.RPT,21:05:05,21:05:06,00:00:01
BNK/REPORT.PRINT.APPLICATION,LB0010071,ENQ,SL.DRAW.IMMINENT.MAT,21:05:06,21:05:08,00:00:02
BNK/REPORT.PRINT.APPLICATION,LB0010071,ENQ,SL.DRAW.MAT.PARTICIPANT,21:05:08,21:05:09,00:00:01
BNK/REPORT.PRINT.APPLICATION,LB0010071,ENQ,SL.IMMINENT.MAT.RPT,21:05:01,21:05:02,00:00:01
BNK/REPORT.PRINT.APPLICATION,LB0010072,ENQ,SL.DRAW.IMMINENT.MAT,21:05:02,21:05:03,00:00:01
BNK/REPORT.PRINT.APPLICATION,LB0010072,ENQ,SL.DRAW.MAT.PARTICIPANT,21:05:03,21:05:04,00:00:01
BNK/REPORT.PRINT.APPLICATION,LB0010072,ENQ,SL.IMMINENT.MAT.RPT,21:05:04,21:05:05,00:00:01
BNK/REPORT.PRINT.APPLICATION,LB0010073,ENQ,SL.DRAW.IMMINENT.MAT,21:05:05,21:05:06,00:00:01
BNK/REPORT.PRINT.APPLICATION,LB0010073,ENQ,SL.DRAW.MAT.PARTICIPANT,21:05:06,21:05:08,00:00:02
BNK/REPORT.PRINT.APPLICATION,LB0010073,ENQ,SL.IMMINENT.MAT.RPT,21:05:08,21:05:09,00:00:01
BNK/REPORT.PRINT.APPLICATION,LB0010074,ENQ,SL.DRAW.IMMINENT.MAT,21:05:05,21:05:06,00:00:01
BNK/REPORT.PRINT.APPLICATION,LB0010074,ENQ,SL.DRAW.MAT.PARTICIPANT,21:05:06,21:05:07,00:00:01
BNK/REPORT.PRINT.APPLICATION,LB0010074,ENQ,SL.IMMINENT.MAT.RPT,21:05:07,21:05:08,00:00:01
BNK/REPORT.PRINT.APPLICATION,LB0010075,ENQ,SL.DRAW.IMMINENT.MAT,21:05:08,21:05:08,00:00:00
BNK/REPORT.PRINT.APPLICATION,LB0010075,ENQ,SL.DRAW.MAT.PARTICIPANT,21:05:08,21:05:09,00:00:01
BNK/REPORT.PRINT.APPLICATION,LB0010075,ENQ,SL.IMMINENT.MAT.RPT,21:05:08,21:05:10,00:00:02
BNK/REPORT.PRINT.APPLICATION,LB0010076,ENQ,SL.DRAW.IMMINENT.MAT,21:05:08,21:05:09,00:00:01
BNK/REPORT.PRINT.APPLICATION,LB0010076,ENQ,SL.DRAW.MAT.PARTICIPANT,21:05:09,21:05:09,00:00:00
BNK/REPORT.PRINT.APPLICATION,LB0010076,ENQ,SL.IMMINENT.MAT.RPT,21:05:09,21:05:10,00:00:01
BNK/REPORT.PRINT.REPORTING,LB0010001,ENQ,ALL.PORT.COMPARE,22:28:31,22:28:32,00:00:01
BNK/REPORT.PRINT.REPORTING,LB0010001,ENQ,BLF.FX.OPEN.ALL.SUMM,22:28:32,22:29:40,00:01:08
BNK/REPORT.PRINT.REPORTING,LB0010001,ENQ,BLF.OT.ISSUED,22:28:27,22:28:28,00:00:01
BNK/REPORT.PRINT.REPORTING,LB0010001,ENQ,BLOCK.PORTFOLIOS.REP,22:28:29,22:28:30,00:00:01
BNK/REPORT.PRINT.REPORTING,LB0010001,ENQ,GEOGRAPHICAL.BLOCK,22:28:28,22:28:29,00:00:01
BNK/REPORT.PRINT.REPORTING,LB0010001,ENQ,OVERDUE.EVENTS,22:28:29,22:28:29,00:00:00
BNK/REPORT.PRINT.REPORTING,LB0010001,ENQ,PERF.CMP.FLOWS,22:28:27,22:28:28,00:00:01
BNK/REPORT.PRINT.REPORTING,LB0010001,ENQ,SC.POS.TRANSFER,22:28:28,22:28:29,00:00:01
BNK/REPORT.PRINT.REPORTING,LB0010001,ENQ,SC.PRICE.CHANGE,22:28:29,22:28:29,00:00:00
BNK/REPORT.PRINT.REPORTING,LB0010001,ENQ,SC.UNSETTLED.RPT,22:23:40,22:23:40,00:00:00
BNK/REPORT.PRINT.REPORTING,LB0010001,ENQ,SEC.TRANSFER.AMEND,22:23:41,22:23:41,00:00:00
BNK/REPORT.PRINT.REPORTING,LB0010001,ENQ,STOCK.REC.ACTIVITY,22:23:42,22:23:43,00:00:01
BNK/REPORT.PRINT.REPORTING,LB0010001,ENQ,STOCK.SUMMARY.BRK.DEP,22:23:44,22:23:45,00:00:01
BNK/REPORT.PRINT.REPORTING,LB0010001,ENQ,STOCK.SUMMARY.CUST,22:23:46,22:23:47,00:00:01
BNK/REPORT.PRINT.REPORTING,LB0010001,ENQ,TAM.E.BLF.FX.LCY.DEAL,22:23:48,22:25:04,00:01:16
BNK/REPORT.PRINT.REPORTING,LB0010001,ENQ,TAM.E.LC.OVERRIDE,22:25:04,22:25:05,00:00:01
BNK/REPORT.PRINT.REPORTING,LB0010001,ENQ,TAM.E.MODIFY.LIMIT,22:25:05,22:25:09,00:00:04
BNK/REPORT.PRINT.REPORTING,LB0010001,ENQ,TAM.E.TD.BILLS,22:25:09,22:25:10,00:00:01
BNK/REPORT.PRINT.REPORTING,LB0010001,ENQ,UNAUTH.BROKER.RPT,22:25:10,22:25:12,00:00:02
BNK/REPORT.PRINT.REPORTING,LB0010001,ENQ,VAULT.DAILY.MOVE,22:28:32,22:28:33,00:00:01
BNK/REPORT.PRINT.REPORTING,LB0010001,RPG,CO.COVER,22:23:35,22:24:19,00:00:44
BNK/REPORT.PRINT.REPORTING,LB0010001,RPG,CO.EXPIRED,22:24:19,22:24:21,00:00:02
BNK/REPORT.PRINT.REPORTING,LB0010001,RPG,CO.EXPIRY,22:24:21,22:35:15,00:10:54
BNK/REPORT.PRINT.REPORTING,LB0010001,RPG,CO.INVENTORY,22:28:32,22:35:38,00:07:06
BNK/REPORT.PRINT.REPORTING,LB0010001,RPG,CO.REVIEW,22:28:33,22:37:50,00:09:17
BNK/REPORT.PRINT.REPORTING,LB0010001,RPG,CO.RGT.EXPIRED,22:28:33,22:29:02,00:00:29
BNK/REPORT.PRINT.REPORTING,LB0010001,RPG,CO.RIGHT.EXPIRY,22:28:33,22:37:04,00:08:31
BNK/REPORT.PRINT.REPORTING,LB0010001,RPG,CO.RIGHT.REVIEW,22:28:29,22:37:09,00:08:40
BNK/REPORT.PRINT.REPORTING,LB0010001,RPG,DET.OVERRIDE,22:25:12,22:27:27,00:02:15
BNK/REPORT.PRINT.REPORTING,LB0010001,RPG,EXCEP.LOG.2,22:27:27,22:29:09,00:01:42
BNK/REPORT.PRINT.REPORTING,LB0010001,RPG,EXCEPT.LOG.EOD,22:23:37,22:25:27,00:01:50
BNK/REPORT.PRINT.REPORTING,LB0010001,RPG,EXCEPTION.LOG,22:25:27,22:27:06,00:01:39
BNK/REPORT.PRINT.REPORTING,LB0010001,RPG,LI.CO.EXCESS,22:27:06,22:33:36,00:06:30
BNK/REPORT.PRINT.REPORTING,LB0010001,RPG,PROTOCOL,22:28:30,22:57:43,00:29:13
BNK/REPORT.PRINT.REPORTING,LB0010001,RPG,REFERRAL.LIST,22:28:30,22:28:31,00:00:01
BNK/REPORT.PRINT.REPORTING,LB0010001,RTN,EOD.AC.NOSTRO.PRINT,22:28:27,22:28:27,00:00:00
BNK/REPORT.PRINT.REPORTING,LB0010001,RTN,EOD.RE.CONSOL.PRINT,22:28:27,22:28:27,00:00:00
BNK/REPORT.PRINT.REPORTING,LB0010001,RTN,EOD.RE.STAT.BAL.REC,22:28:28,22:28:28,00:00:00
BNK/REPORT.PRINT.REPORTING,LB0010001,RTN,EOD.RE.STAT.PRINT>DAILY,22:28:28,22:31:21,00:02:53
BNK/REPORT.PRINT.REPORTING,LB0010001,RTN,EOD.SC.VAL.FREQUENCY,22:28:28,22:28:29,00:00:01
BNK/REPORT.PRINT.REPORTING,LB0010001,RTN,EOD.STAT.MISMATCH,22:28:29,22:28:29,00:00:00
BNK/REPORT.PRINT.REPORTING,LB0010001,RTN,PRINT.INT.STMT.AND.ADV,22:23:36,22:24:06,00:00:30
BNK/REPORT.PRINT.REPORTING,LB0010001,RTN,PURGE.OPEN.ORDERS.REP,22:24:06,22:24:07,00:00:01
BNK/REPORT.PRINT.REPORTING,LB0010001,RTN,SC.DELIV.HOLD.REP,22:24:07,22:24:07,00:00:00
BNK/REPORT.PRINT.REPORTING,LB0010001,RTN,SC.EOD.SHORT.POS,22:24:07,22:24:08,00:00:01
BNK/REPORT.PRINT.REPORTING,LB0010001,RTN,SC.PENDING.ORDER,22:24:08,22:24:09,00:00:01
BNK/REPORT.PRINT.REPORTING,LB0010001,RTN,SC.VALUATIONS.REPORT,22:24:09,22:24:10,00:00:01
BNK/REPORT.PRINT.REPORTING,LB0010001,RTN,SEC.DEL.JOURNAL,22:24:10,22:24:11,00:00:01
BNK/REPORT.PRINT.REPORTING,LB0010001,RTN,STOCK.DIV.REP,22:24:11,22:24:11,00:00:00
BNK/REPORT.PRINT.REPORTING,LB0010002,ENQ,BLF.OT.ISSUED,22:24:11,22:24:13,00:00:02
BNK/REPORT.PRINT.REPORTING,LB0010002,RPG,DET.OVERRIDE,22:24:13,22:26:11,00:01:58
BNK/REPORT.PRINT.REPORTING,LB0010002,RTN,EOD.RE.STAT.BAL.REC,22:28:29,22:28:29,00:00:00
BNK/REPORT.PRINT.REPORTING,LB0010002,RTN,EOD.RE.STAT.PRINT>DAILY,22:23:29,22:23:39,00:00:10
BNK/REPORT.PRINT.REPORTING,LB0010002,RTN,EOD.STAT.MISMATCH,22:23:40,22:23:40,00:00:00
BNK/REPORT.PRINT.REPORTING,LB0010003,ENQ,BLF.OT.ISSUED,22:23:40,22:23:41,00:00:01
BNK/REPORT.PRINT.REPORTING,LB0010003,RPG,DET.OVERRIDE,22:23:41,22:26:03,00:02:22
BNK/REPORT.PRINT.REPORTING,LB0010003,RTN,EOD.RE.STAT.BAL.REC,22:26:03,22:26:03,00:00:00
BNK/REPORT.PRINT.REPORTING,LB0010003,RTN,EOD.RE.STAT.PRINT>DAILY,22:26:03,22:26:17,00:00:14
BNK/REPORT.PRINT.REPORTING,LB0010003,RTN,EOD.STAT.MISMATCH,22:26:18,22:26:18,00:00:00
BNK/REPORT.PRINT.REPORTING,LB0010004,ENQ,BLF.OT.ISSUED,22:26:19,22:26:20,00:00:01
BNK/REPORT.PRINT.REPORTING,LB0010004,RPG,DET.OVERRIDE,22:26:20,22:28:27,00:02:07
BNK/REPORT.PRINT.REPORTING,LB0010004,RTN,EOD.RE.STAT.BAL.REC,22:28:27,22:28:27,00:00:00
BNK/REPORT.PRINT.REPORTING,LB0010004,RTN,EOD.RE.STAT.PRINT>DAILY,22:23:34,22:23:44,00:00:10
BNK/REPORT.PRINT.REPORTING,LB0010004,RTN,EOD.STAT.MISMATCH,22:23:45,22:23:45,00:00:00
BNK/REPORT.PRINT.REPORTING,LB0010005,ENQ,BLF.OT.ISSUED,22:23:46,22:23:48,00:00:02
BNK/REPORT.PRINT.REPORTING,LB0010005,RPG,DET.OVERRIDE,22:23:48,22:26:04,00:02:16
BNK/REPORT.PRINT.REPORTING,LB0010005,RTN,EOD.RE.STAT.BAL.REC,22:26:04,22:26:04,00:00:00
BNK/REPORT.PRINT.REPORTING,LB0010005,RTN,EOD.RE.STAT.PRINT>DAILY,22:26:04,22:26:20,00:00:16
BNK/REPORT.PRINT.REPORTING,LB0010005,RTN,EOD.STAT.MISMATCH,22:26:20,22:26:20,00:00:00
BNK/REPORT.PRINT.REPORTING,LB0010006,ENQ,BLF.OT.ISSUED,22:26:21,22:26:22,00:00:01
BNK/REPORT.PRINT.REPORTING,LB0010006,RPG,DET.OVERRIDE,22:26:23,22:28:31,00:02:08
BNK/REPORT.PRINT.REPORTING,LB0010006,RTN,EOD.RE.STAT.BAL.REC,22:28:27,22:28:27,00:00:00
BNK/REPORT.PRINT.REPORTING,LB0010006,RTN,EOD.RE.STAT.PRINT>DAILY,22:28:27,22:28:29,00:00:02
BNK/REPORT.PRINT.REPORTING,LB0010006,RTN,EOD.STAT.MISMATCH,22:23:36,22:23:36,00:00:00
BNK/REPORT.PRINT.REPORTING,LB0010007,ENQ,BLF.OT.ISSUED,22:23:37,22:23:38,00:00:01
BNK/REPORT.PRINT.REPORTING,LB0010007,RPG,DET.OVERRIDE,22:23:38,22:26:03,00:02:25
BNK/REPORT.PRINT.REPORTING,LB0010007,RTN,EOD.RE.STAT.BAL.REC,22:26:03,22:26:03,00:00:00
BNK/REPORT.PRINT.REPORTING,LB0010007,RTN,EOD.RE.STAT.PRINT>DAILY,22:26:03,22:26:09,00:00:06
BNK/REPORT.PRINT.REPORTING,LB0010007,RTN,EOD.STAT.MISMATCH,22:26:09,22:26:09,00:00:00
BNK/REPORT.PRINT.REPORTING,LB0010008,ENQ,BLF.OT.ISSUED,22:26:09,22:26:10,00:00:01
BNK/REPORT.PRINT.REPORTING,LB0010008,RPG,DET.OVERRIDE,22:26:10,22:28:21,00:02:11
BNK/REPORT.PRINT.REPORTING,LB0010008,RTN,EOD.RE.STAT.BAL.REC,22:28:21,22:28:21,00:00:00
BNK/REPORT.PRINT.REPORTING,LB0010008,RTN,EOD.RE.STAT.PRINT>DAILY,22:28:21,22:28:30,00:00:09
BNK/REPORT.PRINT.REPORTING,LB0010008,RTN,EOD.STAT.MISMATCH,22:23:36,22:23:36,00:00:00
BNK/REPORT.PRINT.REPORTING,LB0010009,ENQ,BLF.OT.ISSUED,22:23:37,22:23:38,00:00:01
BNK/REPORT.PRINT.REPORTING,LB0010009,RPG,DET.OVERRIDE,22:23:38,22:26:03,00:02:25
BNK/REPORT.PRINT.REPORTING,LB0010009,RTN,EOD.RE.STAT.BAL.REC,22:26:03,22:26:03,00:00:00
BNK/REPORT.PRINT.REPORTING,LB0010009,RTN,EOD.RE.STAT.PRINT>DAILY,22:26:03,22:26:31,00:00:28
BNK/REPORT.PRINT.REPORTING,LB0010009,RTN,EOD.STAT.MISMATCH,22:26:31,22:26:31,00:00:00
BNK/REPORT.PRINT.REPORTING,LB0010010,ENQ,BLF.OT.ISSUED,22:26:31,22:26:33,00:00:02
BNK/REPORT.PRINT.REPORTING,LB0010010,RPG,DET.OVERRIDE,22:26:33,22:28:32,00:01:59
BNK/REPORT.PRINT.REPORTING,LB0010010,RTN,EOD.RE.STAT.BAL.REC,22:26:11,22:26:11,00:00:00
BNK/REPORT.PRINT.REPORTING,LB0010010,RTN,EOD.RE.STAT.PRINT>DAILY,22:26:11,22:26:13,00:00:02
BNK/REPORT.PRINT.REPORTING,LB0010010,RTN,EOD.STAT.MISMATCH,22:26:13,22:26:13,00:00:00
BNK/REPORT.PRINT.REPORTING,LB0010011,ENQ,BLF.OT.ISSUED,22:23:31,22:23:32,00:00:01
BNK/REPORT.PRINT.REPORTING,LB0010011,RPG,DET.OVERRIDE,22:23:32,22:26:04,00:02:32
BNK/REPORT.PRINT.REPORTING,LB0010011,RTN,EOD.RE.STAT.BAL.REC,22:26:04,22:26:04,00:00:00
BNK/REPORT.PRINT.REPORTING,LB0010011,RTN,EOD.RE.STAT.PRINT>DAILY,22:26:04,22:26:18,00:00:14
BNK/REPORT.PRINT.REPORTING,LB0010011,RTN,EOD.STAT.MISMATCH,22:26:13,22:26:13,00:00:00
BNK/REPORT.PRINT.REPORTING,LB0010012,ENQ,BLF.OT.ISSUED,22:26:13,22:26:14,00:00:01
BNK/REPORT.PRINT.REPORTING,LB0010012,RPG,DET.OVERRIDE,22:26:14,22:28:26,00:02:12
BNK/REPORT.PRINT.REPORTING,LB0010012,RTN,EOD.RE.STAT.BAL.REC,22:26:19,22:26:19,00:00:00
BNK/REPORT.PRINT.REPORTING,LB0010012,RTN,EOD.RE.STAT.PRINT>DAILY,22:26:20,22:26:35,00:00:15
BNK/REPORT.PRINT.REPORTING,LB0010012,RTN,EOD.STAT.MISMATCH,22:26:35,22:26:35,00:00:00
BNK/REPORT.PRINT.REPORTING,LB0010013,ENQ,BLF.OT.ISSUED,22:28:31,22:28:32,00:00:01
BNK/REPORT.PRINT.REPORTING,LB0010013,RPG,DET.OVERRIDE,22:23:35,22:26:03,00:02:28
BNK/REPORT.PRINT.REPORTING,LB0010013,RTN,EOD.RE.STAT.BAL.REC,22:26:03,22:26:03,00:00:00
BNK/REPORT.PRINT.REPORTING,LB0010013,RTN,EOD.RE.STAT.PRINT>DAILY,22:26:03,22:26:18,00:00:15
BNK/REPORT.PRINT.REPORTING,LB0010013,RTN,EOD.STAT.MISMATCH,22:26:19,22:26:19,00:00:00
BNK/REPORT.PRINT.REPORTING,LB0010014,ENQ,BLF.OT.ISSUED,22:26:20,22:26:21,00:00:01
BNK/REPORT.PRINT.REPORTING,LB0010014,RPG,DET.OVERRIDE,22:26:22,22:28:26,00:02:04
BNK/REPORT.PRINT.REPORTING,LB0010014,RTN,EOD.RE.STAT.BAL.REC,22:28:26,22:28:26,00:00:00
BNK/REPORT.PRINT.REPORTING,LB0010014,RTN,EOD.RE.STAT.PRINT>DAILY,22:28:26,22:28:39,00:00:13
BNK/REPORT.PRINT.REPORTING,LB0010014,RTN,EOD.STAT.MISMATCH,22:28:27,22:28:27,00:00:00
BNK/REPORT.PRINT.REPORTING,LB0010015,ENQ,BLF.OT.ISSUED,22:28:27,22:28:29,00:00:02
BNK/REPORT.PRINT.REPORTING,LB0010015,RPG,DET.OVERRIDE,22:23:30,22:26:03,00:02:33
BNK/REPORT.PRINT.REPORTING,LB0010015,RTN,EOD.RE.STAT.BAL.REC,22:26:03,22:26:03,00:00:00
BNK/REPORT.PRINT.REPORTING,LB0010015,RTN,EOD.RE.STAT.PRINT>DAILY,22:26:03,22:26:10,00:00:07
BNK/REPORT.PRINT.REPORTING,LB0010015,RTN,EOD.STAT.MISMATCH,22:26:10,22:26:10,00:00:00
BNK/REPORT.PRINT.REPORTING,LB0010016,ENQ,BLF.OT.ISSUED,22:26:10,22:26:11,00:00:01
BNK/REPORT.PRINT.REPORTING,LB0010016,RPG,DET.OVERRIDE,22:26:11,22:28:25,00:02:14
BNK/REPORT.PRINT.REPORTING,LB0010016,RTN,EOD.RE.STAT.BAL.REC,22:28:25,22:28:25,00:00:00
BNK/REPORT.PRINT.REPORTING,LB0010016,RTN,EOD.RE.STAT.PRINT>DAILY,22:28:25,22:28:31,00:00:06
BNK/REPORT.PRINT.REPORTING,LB0010016,RTN,EOD.STAT.MISMATCH,22:28:31,22:28:31,00:00:00
BNK/REPORT.PRINT.REPORTING,LB0010017,ENQ,BLF.OT.ISSUED,22:28:32,22:28:32,00:00:00
BNK/REPORT.PRINT.REPORTING,LB0010017,RPG,DET.OVERRIDE,22:28:31,22:30:21,00:01:50
BNK/REPORT.PRINT.REPORTING,LB0010017,RTN,EOD.RE.STAT.BAL.REC,22:23:35,22:23:35,00:00:00
BNK/REPORT.PRINT.REPORTING,LB0010017,RTN,EOD.RE.STAT.PRINT>DAILY,22:23:35,22:23:37,00:00:02
BNK/REPORT.PRINT.REPORTING,LB0010017,RTN,EOD.STAT.MISMATCH,22:23:38,22:23:38,00:00:00
BNK/REPORT.PRINT.REPORTING,LB0010018,ENQ,BLF.OT.ISSUED,22:23:38,22:23:39,00:00:01
BNK/REPORT.PRINT.REPORTING,LB0010018,RPG,DET.OVERRIDE,22:23:40,22:26:03,00:02:23
BNK/REPORT.PRINT.REPORTING,LB0010018,RTN,EOD.RE.STAT.BAL.REC,22:26:03,22:26:03,00:00:00
BNK/REPORT.PRINT.REPORTING,LB0010018,RTN,EOD.RE.STAT.PRINT>DAILY,22:26:03,22:26:09,00:00:06
BNK/REPORT.PRINT.REPORTING,LB0010018,RTN,EOD.STAT.MISMATCH,22:26:09,22:26:09,00:00:00
BNK/REPORT.PRINT.REPORTING,LB0010019,ENQ,BLF.OT.ISSUED,22:26:09,22:26:10,00:00:01
BNK/REPORT.PRINT.REPORTING,LB0010019,RPG,DET.OVERRIDE,22:26:10,22:28:26,00:02:16
BNK/REPORT.PRINT.REPORTING,LB0010019,RTN,EOD.RE.STAT.BAL.REC,22:23:33,22:23:33,00:00:00
BNK/REPORT.PRINT.REPORTING,LB0010019,RTN,EOD.RE.STAT.PRINT>DAILY,22:23:33,22:23:37,00:00:04
BNK/REPORT.PRINT.REPORTING,LB0010019,RTN,EOD.STAT.MISMATCH,22:23:38,22:23:38,00:00:00
BNK/REPORT.PRINT.REPORTING,LB0010020,ENQ,BLF.OT.ISSUED,22:23:38,22:23:39,00:00:01
BNK/REPORT.PRINT.REPORTING,LB0010020,RPG,DET.OVERRIDE,22:23:40,22:26:03,00:02:23
BNK/REPORT.PRINT.REPORTING,LB0010020,RTN,EOD.RE.STAT.BAL.REC,22:26:03,22:26:03,00:00:00
BNK/REPORT.PRINT.REPORTING,LB0010020,RTN,EOD.RE.STAT.PRINT>DAILY,22:26:03,22:26:11,00:00:08
BNK/REPORT.PRINT.REPORTING,LB0010020,RTN,EOD.STAT.MISMATCH,22:26:11,22:26:11,00:00:00
BNK/REPORT.PRINT.REPORTING,LB0010021,ENQ,BLF.OT.ISSUED,22:26:11,22:26:12,00:00:01
BNK/REPORT.PRINT.REPORTING,LB0010021,RPG,DET.OVERRIDE,22:26:12,22:28:27,00:02:15
BNK/REPORT.PRINT.REPORTING,LB0010021,RTN,EOD.RE.STAT.BAL.REC,22:28:26,22:28:26,00:00:00
BNK/REPORT.PRINT.REPORTING,LB0010021,RTN,EOD.RE.STAT.PRINT>DAILY,22:23:34,22:23:40,00:00:06
BNK/REPORT.PRINT.REPORTING,LB0010021,RTN,EOD.STAT.MISMATCH,22:23:40,22:23:40,00:00:00
BNK/REPORT.PRINT.REPORTING,LB0010022,ENQ,BLF.OT.ISSUED,22:23:40,22:23:41,00:00:01
BNK/REPORT.PRINT.REPORTING,LB0010022,RPG,DET.OVERRIDE,22:23:43,22:26:03,00:02:20
BNK/REPORT.PRINT.REPORTING,LB0010022,RTN,EOD.RE.STAT.BAL.REC,22:26:03,22:26:03,00:00:00
BNK/REPORT.PRINT.REPORTING,LB0010022,RTN,EOD.RE.STAT.PRINT>DAILY,22:26:03,22:26:14,00:00:11
BNK/REPORT.PRINT.REPORTING,LB0010022,RTN,EOD.STAT.MISMATCH,22:26:14,22:26:14,00:00:00
BNK/REPORT.PRINT.REPORTING,LB0010023,ENQ,BLF.OT.ISSUED,22:26:14,22:26:15,00:00:01
BNK/REPORT.PRINT.REPORTING,LB0010023,RPG,DET.OVERRIDE,22:26:15,22:28:27,00:02:12
BNK/REPORT.PRINT.REPORTING,LB0010023,RTN,EOD.RE.STAT.BAL.REC,22:28:28,22:28:28,00:00:00
BNK/REPORT.PRINT.REPORTING,LB0010023,RTN,EOD.RE.STAT.PRINT>DAILY,22:28:30,22:28:38,00:00:08
BNK/REPORT.PRINT.REPORTING,LB0010023,RTN,EOD.STAT.MISMATCH,22:23:34,22:23:34,00:00:00
BNK/REPORT.PRINT.REPORTING,LB0010024,ENQ,BLF.OT.ISSUED,22:23:34,22:23:35,00:00:01
BNK/REPORT.PRINT.REPORTING,LB0010024,RPG,DET.OVERRIDE,22:23:36,22:26:04,00:02:28
BNK/REPORT.PRINT.REPORTING,LB0010024,RTN,EOD.RE.STAT.BAL.REC,22:26:04,22:26:04,00:00:00
BNK/REPORT.PRINT.REPORTING,LB0010024,RTN,EOD.RE.STAT.PRINT>DAILY,22:26:04,22:26:10,00:00:06
BNK/REPORT.PRINT.REPORTING,LB0010024,RTN,EOD.STAT.MISMATCH,22:26:10,22:26:10,00:00:00
BNK/REPORT.PRINT.REPORTING,LB0010025,ENQ,BLF.OT.ISSUED,22:26:10,22:26:11,00:00:01
BNK/REPORT.PRINT.REPORTING,LB0010025,RPG,DET.OVERRIDE,22:26:11,22:28:26,00:02:15
BNK/REPORT.PRINT.REPORTING,LB0010025,RTN,EOD.RE.STAT.BAL.REC,22:28:26,22:28:26,00:00:00
BNK/REPORT.PRINT.REPORTING,LB0010025,RTN,EOD.RE.STAT.PRINT>DAILY,22:28:26,22:28:32,00:00:06
BNK/REPORT.PRINT.REPORTING,LB0010025,RTN,EOD.STAT.MISMATCH,22:23:31,22:23:31,00:00:00
BNK/REPORT.PRINT.REPORTING,LB0010026,ENQ,BLF.OT.ISSUED,22:23:31,22:23:31,00:00:00
BNK/REPORT.PRINT.REPORTING,LB0010026,RPG,DET.OVERRIDE,22:23:31,22:26:03,00:02:32
BNK/REPORT.PRINT.REPORTING,LB0010026,RTN,EOD.RE.STAT.BAL.REC,22:26:03,22:26:03,00:00:00
BNK/REPORT.PRINT.REPORTING,LB0010026,RTN,EOD.RE.STAT.PRINT>DAILY,22:26:03,22:26:09,00:00:06
BNK/REPORT.PRINT.REPORTING,LB0010026,RTN,EOD.STAT.MISMATCH,22:26:09,22:26:09,00:00:00
BNK/REPORT.PRINT.REPORTING,LB0010027,ENQ,BLF.OT.ISSUED,22:26:09,22:26:10,00:00:01
BNK/REPORT.PRINT.REPORTING,LB0010027,RPG,DET.OVERRIDE,22:26:11,22:28:24,00:02:13
BNK/REPORT.PRINT.REPORTING,LB0010027,RTN,EOD.RE.STAT.BAL.REC,22:28:24,22:28:24,00:00:00
BNK/REPORT.PRINT.REPORTING,LB0010027,RTN,EOD.RE.STAT.PRINT>DAILY,22:28:24,22:28:32,00:00:08
BNK/REPORT.PRINT.REPORTING,LB0010027,RTN,EOD.STAT.MISMATCH,22:28:29,22:28:29,00:00:00
BNK/REPORT.PRINT.REPORTING,LB0010028,ENQ,BLF.OT.ISSUED,22:23:29,22:23:30,00:00:01
BNK/REPORT.PRINT.REPORTING,LB0010028,RPG,DET.OVERRIDE,22:23:30,22:26:03,00:02:33
BNK/REPORT.PRINT.REPORTING,LB0010028,RTN,EOD.RE.STAT.BAL.REC,22:26:03,22:26:03,00:00:00
BNK/REPORT.PRINT.REPORTING,LB0010028,RTN,EOD.RE.STAT.PRINT>DAILY,22:26:04,22:26:08,00:00:04
BNK/REPORT.PRINT.REPORTING,LB0010028,RTN,EOD.STAT.MISMATCH,22:26:08,22:26:08,00:00:00
BNK/REPORT.PRINT.REPORTING,LB0010029,ENQ,BLF.OT.ISSUED,22:26:08,22:26:09,00:00:01
BNK/REPORT.PRINT.REPORTING,LB0010029,RPG,DET.OVERRIDE,22:26:10,22:28:27,00:02:17
BNK/REPORT.PRINT.REPORTING,LB0010029,RTN,EOD.RE.STAT.BAL.REC,22:28:26,22:28:26,00:00:00
BNK/REPORT.PRINT.REPORTING,LB0010029,RTN,EOD.RE.STAT.PRINT>DAILY,22:28:26,22:28:32,00:00:06
BNK/REPORT.PRINT.REPORTING,LB0010029,RTN,EOD.STAT.MISMATCH,22:28:27,22:28:27,00:00:00
BNK/REPORT.PRINT.REPORTING,LB0010030,ENQ,BLF.OT.ISSUED,22:28:29,22:28:30,00:00:01
BNK/REPORT.PRINT.REPORTING,LB0010030,RPG,DET.OVERRIDE,22:23:38,22:26:04,00:02:26
BNK/REPORT.PRINT.REPORTING,LB0010030,RTN,EOD.RE.STAT.BAL.REC,22:26:04,22:26:04,00:00:00
BNK/REPORT.PRINT.REPORTING,LB0010030,RTN,EOD.RE.STAT.PRINT>DAILY,22:26:04,22:26:18,00:00:14
BNK/REPORT.PRINT.REPORTING,LB0010030,RTN,EOD.STAT.MISMATCH,22:26:19,22:26:19,00:00:00
BNK/REPORT.PRINT.REPORTING,LB0010031,ENQ,BLF.OT.ISSUED,22:26:20,22:26:21,00:00:01
BNK/REPORT.PRINT.REPORTING,LB0010031,RPG,DET.OVERRIDE,22:26:22,22:28:28,00:02:06
BNK/REPORT.PRINT.REPORTING,LB0010031,RTN,EOD.RE.STAT.BAL.REC,22:26:35,22:26:35,00:00:00
BNK/REPORT.PRINT.REPORTING,LB0010031,RTN,EOD.RE.STAT.PRINT>DAILY,22:26:35,22:26:42,00:00:07
BNK/REPORT.PRINT.REPORTING,LB0010031,RTN,EOD.STAT.MISMATCH,22:26:42,22:26:42,00:00:00
BNK/REPORT.PRINT.REPORTING,LB0010032,ENQ,BLF.OT.ISSUED,22:26:42,22:26:45,00:00:03
BNK/REPORT.PRINT.REPORTING,LB0010032,RPG,DET.OVERRIDE,22:23:35,22:26:05,00:02:30
BNK/REPORT.PRINT.REPORTING,LB0010032,RTN,EOD.RE.STAT.BAL.REC,22:26:05,22:26:05,00:00:00
BNK/REPORT.PRINT.REPORTING,LB0010032,RTN,EOD.RE.STAT.PRINT>DAILY,22:26:05,22:26:12,00:00:07
BNK/REPORT.PRINT.REPORTING,LB0010032,RTN,EOD.STAT.MISMATCH,22:26:12,22:26:12,00:00:00
BNK/REPORT.PRINT.REPORTING,LB0010033,ENQ,BLF.OT.ISSUED,22:26:12,22:26:13,00:00:01
BNK/REPORT.PRINT.REPORTING,LB0010033,RPG,DET.OVERRIDE,22:26:13,22:28:27,00:02:14
BNK/REPORT.PRINT.REPORTING,LB0010033,RTN,EOD.RE.STAT.BAL.REC,22:28:27,22:28:27,00:00:00
BNK/REPORT.PRINT.REPORTING,LB0010033,RTN,EOD.RE.STAT.PRINT>DAILY,22:28:27,22:28:38,00:00:11
BNK/REPORT.PRINT.REPORTING,LB0010033,RTN,EOD.STAT.MISMATCH,22:28:27,22:28:27,00:00:00
BNK/REPORT.PRINT.REPORTING,LB0010034,ENQ,BLF.OT.ISSUED,22:28:28,22:28:29,00:00:01
BNK/REPORT.PRINT.REPORTING,LB0010034,RPG,DET.OVERRIDE,22:28:29,22:30:21,00:01:52
BNK/REPORT.PRINT.REPORTING,LB0010034,RTN,EOD.RE.STAT.BAL.REC,22:23:35,22:23:35,00:00:00
BNK/REPORT.PRINT.REPORTING,LB0010034,RTN,EOD.RE.STAT.PRINT>DAILY,22:23:35,22:23:41,00:00:06
BNK/REPORT.PRINT.REPORTING,LB0010034,RTN,EOD.STAT.MISMATCH,22:23:41,22:23:41,00:00:00
BNK/REPORT.PRINT.REPORTING,LB0010035,ENQ,BLF.OT.ISSUED,22:23:42,22:23:43,00:00:01
BNK/REPORT.PRINT.REPORTING,LB0010035,RPG,DET.OVERRIDE,22:23:44,22:26:03,00:02:19
BNK/REPORT.PRINT.REPORTING,LB0010035,RTN,EOD.RE.STAT.BAL.REC,22:26:03,22:26:03,00:00:00
BNK/REPORT.PRINT.REPORTING,LB0010035,RTN,EOD.RE.STAT.PRINT>DAILY,22:26:03,22:26:08,00:00:05
BNK/REPORT.PRINT.REPORTING,LB0010035,RTN,EOD.STAT.MISMATCH,22:26:08,22:26:08,00:00:00
BNK/REPORT.PRINT.REPORTING,LB0010036,ENQ,BLF.OT.ISSUED,22:26:08,22:26:09,00:00:01
BNK/REPORT.PRINT.REPORTING,LB0010036,RPG,DET.OVERRIDE,22:26:09,22:28:26,00:02:17
BNK/REPORT.PRINT.REPORTING,LB0010036,RTN,EOD.RE.STAT.BAL.REC,22:23:38,22:23:38,00:00:00
BNK/REPORT.PRINT.REPORTING,LB0010036,RTN,EOD.RE.STAT.PRINT>DAILY,22:23:38,22:23:45,00:00:07
BNK/REPORT.PRINT.REPORTING,LB0010036,RTN,EOD.STAT.MISMATCH,22:23:46,22:23:46,00:00:00
BNK/REPORT.PRINT.REPORTING,LB0010037,ENQ,BLF.OT.ISSUED,22:23:47,22:23:48,00:00:01
BNK/REPORT.PRINT.REPORTING,LB0010037,RPG,DET.OVERRIDE,22:23:49,22:26:03,00:02:14
BNK/REPORT.PRINT.REPORTING,LB0010037,RTN,EOD.RE.STAT.BAL.REC,22:26:03,22:26:03,00:00:00
BNK/REPORT.PRINT.REPORTING,LB0010037,RTN,EOD.RE.STAT.PRINT>DAILY,22:26:03,22:26:10,00:00:07
BNK/REPORT.PRINT.REPORTING,LB0010037,RTN,EOD.STAT.MISMATCH,22:26:10,22:26:10,00:00:00
BNK/REPORT.PRINT.REPORTING,LB0010038,ENQ,BLF.OT.ISSUED,22:26:10,22:26:11,00:00:01
BNK/REPORT.PRINT.REPORTING,LB0010038,RPG,DET.OVERRIDE,22:26:11,22:28:27,00:02:16
BNK/REPORT.PRINT.REPORTING,LB0010038,RTN,EOD.RE.STAT.BAL.REC,22:28:29,22:28:29,00:00:00
BNK/REPORT.PRINT.REPORTING,LB0010038,RTN,EOD.RE.STAT.PRINT>DAILY,22:23:34,22:23:39,00:00:05
BNK/REPORT.PRINT.REPORTING,LB0010038,RTN,EOD.STAT.MISMATCH,22:23:40,22:23:40,00:00:00
BNK/REPORT.PRINT.REPORTING,LB0010040,ENQ,BLF.OT.ISSUED,22:23:40,22:23:41,00:00:01
BNK/REPORT.PRINT.REPORTING,LB0010040,RPG,DET.OVERRIDE,22:23:41,22:26:05,00:02:24
BNK/REPORT.PRINT.REPORTING,LB0010040,RTN,EOD.RE.STAT.BAL.REC,22:26:05,22:26:05,00:00:00
BNK/REPORT.PRINT.REPORTING,LB0010040,RTN,EOD.RE.STAT.PRINT>DAILY,22:26:05,22:26:10,00:00:05
BNK/REPORT.PRINT.REPORTING,LB0010040,RTN,EOD.STAT.MISMATCH,22:26:10,22:26:10,00:00:00
BNK/REPORT.PRINT.REPORTING,LB0010041,ENQ,BLF.OT.ISSUED,22:26:10,22:26:11,00:00:01
BNK/REPORT.PRINT.REPORTING,LB0010041,RPG,DET.OVERRIDE,22:26:11,22:28:28,00:02:17
BNK/REPORT.PRINT.REPORTING,LB0010041,RTN,EOD.RE.STAT.BAL.REC,22:28:28,22:28:28,00:00:00
BNK/REPORT.PRINT.REPORTING,LB0010041,RTN,EOD.RE.STAT.PRINT>DAILY,22:28:28,22:28:34,00:00:06
BNK/REPORT.PRINT.REPORTING,LB0010041,RTN,EOD.STAT.MISMATCH,22:23:35,22:23:35,00:00:00
BNK/REPORT.PRINT.REPORTING,LB0010042,ENQ,BLF.OT.ISSUED,22:23:35,22:23:36,00:00:01
BNK/REPORT.PRINT.REPORTING,LB0010042,RPG,DET.OVERRIDE,22:23:37,22:26:05,00:02:28
BNK/REPORT.PRINT.REPORTING,LB0010042,RTN,EOD.RE.STAT.BAL.REC,22:26:05,22:26:05,00:00:00
BNK/REPORT.PRINT.REPORTING,LB0010042,RTN,EOD.RE.STAT.PRINT>DAILY,22:26:05,22:26:11,00:00:06
BNK/REPORT.PRINT.REPORTING,LB0010042,RTN,EOD.STAT.MISMATCH,22:26:11,22:26:11,00:00:00
BNK/REPORT.PRINT.REPORTING,LB0010043,ENQ,BLF.OT.ISSUED,22:26:11,22:26:12,00:00:01
BNK/REPORT.PRINT.REPORTING,LB0010043,RPG,DET.OVERRIDE,22:26:12,22:28:30,00:02:18
BNK/REPORT.PRINT.REPORTING,LB0010043,RTN,EOD.RE.STAT.BAL.REC,22:28:26,22:28:26,00:00:00
BNK/REPORT.PRINT.REPORTING,LB0010043,RTN,EOD.RE.STAT.PRINT>DAILY,22:28:26,22:28:32,00:00:06
BNK/REPORT.PRINT.REPORTING,LB0010043,RTN,EOD.STAT.MISMATCH,22:23:34,22:23:34,00:00:00
BNK/REPORT.PRINT.REPORTING,LB0010049,ENQ,BLF.OT.ISSUED,22:23:34,22:23:36,00:00:02
BNK/REPORT.PRINT.REPORTING,LB0010049,RPG,DET.OVERRIDE,22:23:36,22:26:03,00:02:27
BNK/REPORT.PRINT.REPORTING,LB0010049,RTN,EOD.RE.STAT.BAL.REC,22:26:03,22:26:03,00:00:00
BNK/REPORT.PRINT.REPORTING,LB0010049,RTN,EOD.RE.STAT.PRINT>DAILY,22:26:03,22:26:08,00:00:05
BNK/REPORT.PRINT.REPORTING,LB0010049,RTN,EOD.STAT.MISMATCH,22:26:08,22:26:08,00:00:00
BNK/REPORT.PRINT.REPORTING,LB0010050,ENQ,BLF.OT.ISSUED,22:26:08,22:26:10,00:00:02
BNK/REPORT.PRINT.REPORTING,LB0010050,RPG,DET.OVERRIDE,22:26:10,22:28:27,00:02:17
BNK/REPORT.PRINT.REPORTING,LB0010050,RTN,EOD.RE.STAT.BAL.REC,22:28:26,22:28:26,00:00:00
BNK/REPORT.PRINT.REPORTING,LB0010050,RTN,EOD.RE.STAT.PRINT>DAILY,22:28:26,22:28:31,00:00:05
BNK/REPORT.PRINT.REPORTING,LB0010050,RTN,EOD.STAT.MISMATCH,22:28:29,22:28:29,00:00:00
BNK/REPORT.PRINT.REPORTING,LB0010051,ENQ,BLF.OT.ISSUED,22:23:31,22:23:32,00:00:01
BNK/REPORT.PRINT.REPORTING,LB0010051,RPG,DET.OVERRIDE,22:23:32,22:26:04,00:02:32
BNK/REPORT.PRINT.REPORTING,LB0010051,RTN,EOD.RE.STAT.BAL.REC,22:26:04,22:26:04,00:00:00
BNK/REPORT.PRINT.REPORTING,LB0010051,RTN,EOD.RE.STAT.PRINT>DAILY,22:26:04,22:26:15,00:00:11
BNK/REPORT.PRINT.REPORTING,LB0010051,RTN,EOD.STAT.MISMATCH,22:26:15,22:26:15,00:00:00
BNK/REPORT.PRINT.REPORTING,LB0010052,ENQ,BLF.OT.ISSUED,22:26:15,22:26:17,00:00:02
BNK/REPORT.PRINT.REPORTING,LB0010052,RPG,DET.OVERRIDE,22:26:17,22:28:27,00:02:10
BNK/REPORT.PRINT.REPORTING,LB0010052,RTN,EOD.RE.STAT.BAL.REC,22:28:27,22:28:27,00:00:00
BNK/REPORT.PRINT.REPORTING,LB0010052,RTN,EOD.RE.STAT.PRINT>DAILY,22:28:27,22:28:33,00:00:06
BNK/REPORT.PRINT.REPORTING,LB0010052,RTN,EOD.STAT.MISMATCH,22:28:31,22:28:31,00:00:00
BNK/REPORT.PRINT.REPORTING,LB0010060,ENQ,BLF.OT.ISSUED,22:23:30,22:23:31,00:00:01
BNK/REPORT.PRINT.REPORTING,LB0010060,RPG,DET.OVERRIDE,22:23:31,22:26:06,00:02:35
BNK/REPORT.PRINT.REPORTING,LB0010060,RTN,EOD.RE.STAT.BAL.REC,22:26:06,22:26:06,00:00:00
BNK/REPORT.PRINT.REPORTING,LB0010060,RTN,EOD.RE.STAT.PRINT>DAILY,22:26:06,22:26:26,00:00:20
BNK/REPORT.PRINT.REPORTING,LB0010060,RTN,EOD.STAT.MISMATCH,22:26:26,22:26:26,00:00:00
BNK/REPORT.PRINT.REPORTING,LB0010061,ENQ,BLF.OT.ISSUED,22:26:26,22:26:27,00:00:01
BNK/REPORT.PRINT.REPORTING,LB0010061,RPG,DET.OVERRIDE,22:26:28,22:28:31,00:02:03
BNK/REPORT.PRINT.REPORTING,LB0010061,RTN,EOD.RE.STAT.BAL.REC,22:28:27,22:28:27,00:00:00
BNK/REPORT.PRINT.REPORTING,LB0010061,RTN,EOD.RE.STAT.PRINT>DAILY,22:28:27,22:28:35,00:00:08
BNK/REPORT.PRINT.REPORTING,LB0010061,RTN,EOD.STAT.MISMATCH,22:28:28,22:28:28,00:00:00
BNK/REPORT.PRINT.REPORTING,LB0010062,ENQ,BLF.OT.ISSUED,22:28:28,22:28:29,00:00:01
BNK/REPORT.PRINT.REPORTING,LB0010062,RPG,DET.OVERRIDE,22:23:33,22:26:03,00:02:30
BNK/REPORT.PRINT.REPORTING,LB0010062,RTN,EOD.RE.STAT.BAL.REC,22:26:03,22:26:03,00:00:00
BNK/REPORT.PRINT.REPORTING,LB0010062,RTN,EOD.RE.STAT.PRINT>DAILY,22:26:03,22:26:11,00:00:08
BNK/REPORT.PRINT.REPORTING,LB0010062,RTN,EOD.STAT.MISMATCH,22:26:11,22:26:11,00:00:00
BNK/REPORT.PRINT.REPORTING,LB0010063,ENQ,BLF.OT.ISSUED,22:26:11,22:26:12,00:00:01
BNK/REPORT.PRINT.REPORTING,LB0010063,RPG,DET.OVERRIDE,22:26:12,22:28:24,00:02:12
BNK/REPORT.PRINT.REPORTING,LB0010063,RTN,EOD.RE.STAT.BAL.REC,22:28:24,22:28:24,00:00:00
BNK/REPORT.PRINT.REPORTING,LB0010063,RTN,EOD.RE.STAT.PRINT>DAILY,22:28:24,22:28:28,00:00:04
BNK/REPORT.PRINT.REPORTING,LB0010063,RTN,EOD.STAT.MISMATCH,22:26:45,22:26:45,00:00:00
BNK/REPORT.PRINT.REPORTING,LB0010070,ENQ,BLF.OT.ISSUED,22:26:45,22:26:46,00:00:01
BNK/REPORT.PRINT.REPORTING,LB0010070,RPG,DET.OVERRIDE,22:26:46,22:28:40,00:01:54
BNK/REPORT.PRINT.REPORTING,LB0010070,RTN,EOD.RE.STAT.BAL.REC,22:23:34,22:23:34,00:00:00
BNK/REPORT.PRINT.REPORTING,LB0010070,RTN,EOD.RE.STAT.PRINT>DAILY,22:23:34,22:23:39,00:00:05
BNK/REPORT.PRINT.REPORTING,LB0010070,RTN,EOD.STAT.MISMATCH,22:23:40,22:23:40,00:00:00
BNK/REPORT.PRINT.REPORTING,LB0010071,ENQ,BLF.OT.ISSUED,22:23:40,22:23:41,00:00:01
BNK/REPORT.PRINT.REPORTING,LB0010071,RPG,DET.OVERRIDE,22:23:41,22:26:03,00:02:22
BNK/REPORT.PRINT.REPORTING,LB0010071,RTN,EOD.RE.STAT.BAL.REC,22:26:03,22:26:03,00:00:00
BNK/REPORT.PRINT.REPORTING,LB0010071,RTN,EOD.RE.STAT.PRINT>DAILY,22:26:03,22:26:08,00:00:05
BNK/REPORT.PRINT.REPORTING,LB0010071,RTN,EOD.STAT.MISMATCH,22:26:08,22:26:08,00:00:00
BNK/REPORT.PRINT.REPORTING,LB0010072,ENQ,BLF.OT.ISSUED,22:26:08,22:26:09,00:00:01
BNK/REPORT.PRINT.REPORTING,LB0010072,RPG,DET.OVERRIDE,22:26:09,22:28:26,00:02:17
BNK/REPORT.PRINT.REPORTING,LB0010072,RTN,EOD.RE.STAT.BAL.REC,22:23:33,22:23:34,00:00:01
BNK/REPORT.PRINT.REPORTING,LB0010072,RTN,EOD.RE.STAT.PRINT>DAILY,22:23:34,22:23:38,00:00:04
BNK/REPORT.PRINT.REPORTING,LB0010072,RTN,EOD.STAT.MISMATCH,22:23:38,22:23:38,00:00:00
BNK/REPORT.PRINT.REPORTING,LB0010073,ENQ,BLF.OT.ISSUED,22:23:38,22:23:40,00:00:02
BNK/REPORT.PRINT.REPORTING,LB0010073,RPG,DET.OVERRIDE,22:23:40,22:26:03,00:02:23
BNK/REPORT.PRINT.REPORTING,LB0010073,RTN,EOD.RE.STAT.BAL.REC,22:26:03,22:26:03,00:00:00
BNK/REPORT.PRINT.REPORTING,LB0010073,RTN,EOD.RE.STAT.PRINT>DAILY,22:26:03,22:26:07,00:00:04
BNK/REPORT.PRINT.REPORTING,LB0010073,RTN,EOD.STAT.MISMATCH,22:26:07,22:26:07,00:00:00
BNK/REPORT.PRINT.REPORTING,LB0010074,ENQ,BLF.OT.ISSUED,22:26:07,22:26:08,00:00:01
BNK/REPORT.PRINT.REPORTING,LB0010074,RPG,DET.OVERRIDE,22:26:08,22:28:27,00:02:19
BNK/REPORT.PRINT.REPORTING,LB0010074,RTN,EOD.RE.STAT.BAL.REC,22:28:27,22:28:27,00:00:00
BNK/REPORT.PRINT.REPORTING,LB0010074,RTN,EOD.RE.STAT.PRINT>DAILY,22:23:38,22:23:41,00:00:03
BNK/REPORT.PRINT.REPORTING,LB0010074,RTN,EOD.STAT.MISMATCH,22:23:42,22:23:42,00:00:00
BNK/REPORT.PRINT.REPORTING,LB0010075,ENQ,BLF.OT.ISSUED,22:23:43,22:23:44,00:00:01
BNK/REPORT.PRINT.REPORTING,LB0010075,RPG,DET.OVERRIDE,22:23:45,22:26:05,00:02:20
BNK/REPORT.PRINT.REPORTING,LB0010075,RTN,EOD.RE.STAT.BAL.REC,22:26:05,22:26:05,00:00:00
BNK/REPORT.PRINT.REPORTING,LB0010075,RTN,EOD.RE.STAT.PRINT>DAILY,22:26:05,22:26:09,00:00:04
BNK/REPORT.PRINT.REPORTING,LB0010075,RTN,EOD.STAT.MISMATCH,22:26:09,22:26:09,00:00:00
BNK/REPORT.PRINT.REPORTING,LB0010076,ENQ,BLF.OT.ISSUED,22:26:09,22:26:10,00:00:01
BNK/REPORT.PRINT.REPORTING,LB0010076,RPG,DET.OVERRIDE,22:26:10,22:28:29,00:02:19
BNK/REPORT.PRINT.REPORTING,LB0010076,RTN,EOD.RE.STAT.BAL.REC,22:28:26,22:28:26,00:00:00
BNK/REPORT.PRINT.REPORTING,LB0010076,RTN,EOD.RE.STAT.PRINT>DAILY,22:28:26,22:28:29,00:00:03
BNK/REPORT.PRINT.REPORTING,LB0010076,RTN,EOD.STAT.MISMATCH,22:28:27,22:28:27,00:00:00
BNK/REPORT.PRINT.SOD,LB0010001,ENQ,AZ.MATURITY,23:11:12,23:11:12,00:00:00
BNK/REPORT.PRINT.SOD,LB0010001,ENQ,FD.RENEWAL.REPORT,23:11:08,23:11:10,00:00:02
BNK/REPORT.PRINT.SOD,LB0010001,ENQ,JOURNAL.SUMMARY,23:11:10,23:11:18,00:00:08
BNK/REPORT.PRINT.SOD,LB0010001,ENQ,JOURNAL.SUMMARY.CONT,23:11:10,23:11:18,00:00:08
BNK/REPORT.PRINT.SOD,LB0010001,ENQ,MB.AZ.DEP.IMM.MATURITY,23:11:12,23:11:13,00:00:01
BNK/REPORT.PRINT.SOD,LB0010001,ENQ,OVERDUE.ENTITLEMENTS,23:11:09,23:11:10,00:00:01
BNK/REPORT.PRINT.SOD,LB0010001,ENQ,STO.DIARY,23:11:10,23:11:22,00:00:12
BNK/REPORT.PRINT.SOD,LB0010001,RPG,CSH.FLOW.EXCEP,23:11:13,23:11:13,00:00:00
BNK/REPORT.PRINT.SOD,LB0010001,RPG,EXCEP.LOG.2,23:11:09,23:11:16,00:00:07
BNK/REPORT.PRINT.SOD,LB0010001,RPG,EXCEPT.LOG.SOD,23:11:12,23:11:17,00:00:05
BNK/REPORT.PRINT.SOD,LB0010001,RPG,EXCEPTION.LOG,23:11:12,23:11:17,00:00:05
BNK/REPORT.PRINT.SOD,LB0010001,RTN,FRA.SOD.HEDGE.DEALS.RPT,23:11:12,23:11:12,00:00:00
BNK/REPORT.PRINT.SOD,LB0010001,RTN,FRA.SOD.MTH.ACCRUALS.RPT,23:11:11,23:11:11,00:00:00
BNK/REPORT.PRINT.SOD,LB0010001,RTN,SC.SAFE.FEES.ACC.REPORT,23:11:11,23:11:11,00:00:00
BNK/REPORT.PRINT.SOD,LB0010001,RTN,SC.SAFEKEEP.ACC.REPORT,23:11:12,23:11:13,00:00:01
BNK/REPORT.PRINT.SOD,LB0010002,ENQ,FD.RENEWAL.REPORT,23:11:08,23:11:10,00:00:02
BNK/REPORT.PRINT.SOD,LB0010003,ENQ,FD.RENEWAL.REPORT,23:11:10,23:11:11,00:00:01
BNK/REPORT.PRINT.SOD,LB0010004,ENQ,FD.RENEWAL.REPORT,23:11:08,23:11:10,00:00:02
BNK/REPORT.PRINT.SOD,LB0010005,ENQ,FD.RENEWAL.REPORT,23:11:10,23:11:11,00:00:01
BNK/REPORT.PRINT.SOD,LB0010006,ENQ,FD.RENEWAL.REPORT,23:11:12,23:11:13,00:00:01
BNK/REPORT.PRINT.SOD,LB0010007,ENQ,FD.RENEWAL.REPORT,23:11:12,23:11:12,00:00:00
BNK/REPORT.PRINT.SOD,LB0010008,ENQ,FD.RENEWAL.REPORT,23:11:09,23:11:10,00:00:01
BNK/REPORT.PRINT.SOD,LB0010009,ENQ,FD.RENEWAL.REPORT,23:11:10,23:11:11,00:00:01
BNK/REPORT.PRINT.SOD,LB0010010,ENQ,FD.RENEWAL.REPORT,23:11:12,23:11:12,00:00:00
BNK/REPORT.PRINT.SOD,LB0010011,ENQ,FD.RENEWAL.REPORT,23:11:09,23:11:10,00:00:01
BNK/REPORT.PRINT.SOD,LB0010012,ENQ,FD.RENEWAL.REPORT,23:11:10,23:11:11,00:00:01
BNK/REPORT.PRINT.SOD,LB0010013,ENQ,FD.RENEWAL.REPORT,23:11:09,23:11:10,00:00:01
BNK/REPORT.PRINT.SOD,LB0010014,ENQ,FD.RENEWAL.REPORT,23:11:10,23:11:11,00:00:01
BNK/REPORT.PRINT.SOD,LB0010015,ENQ,FD.RENEWAL.REPORT,23:11:09,23:11:10,00:00:01
BNK/REPORT.PRINT.SOD,LB0010016,ENQ,FD.RENEWAL.REPORT,23:11:10,23:11:11,00:00:01
BNK/REPORT.PRINT.SOD,LB0010017,ENQ,FD.RENEWAL.REPORT,23:11:12,23:11:13,00:00:01
BNK/REPORT.PRINT.SOD,LB0010018,ENQ,FD.RENEWAL.REPORT,23:11:09,23:11:10,00:00:01
BNK/REPORT.PRINT.SOD,LB0010019,ENQ,FD.RENEWAL.REPORT,23:11:10,23:11:11,00:00:01
BNK/REPORT.PRINT.SOD,LB0010020,ENQ,FD.RENEWAL.REPORT,23:11:09,23:11:10,00:00:01
BNK/REPORT.PRINT.SOD,LB0010021,ENQ,FD.RENEWAL.REPORT,23:11:10,23:11:11,00:00:01
BNK/REPORT.PRINT.SOD,LB0010022,ENQ,FD.RENEWAL.REPORT,23:11:11,23:11:12,00:00:01
BNK/REPORT.PRINT.SOD,LB0010023,ENQ,FD.RENEWAL.REPORT,23:11:11,23:11:12,00:00:01
BNK/REPORT.PRINT.SOD,LB0010024,ENQ,FD.RENEWAL.REPORT,23:11:11,23:11:11,00:00:00
BNK/REPORT.PRINT.SOD,LB0010025,ENQ,FD.RENEWAL.REPORT,23:11:11,23:11:12,00:00:01
BNK/REPORT.PRINT.SOD,LB0010026,ENQ,FD.RENEWAL.REPORT,23:11:11,23:11:12,00:00:01
BNK/REPORT.PRINT.SOD,LB0010027,ENQ,FD.RENEWAL.REPORT,23:11:11,23:11:11,00:00:00
BNK/REPORT.PRINT.SOD,LB0010028,ENQ,FD.RENEWAL.REPORT,23:11:11,23:11:12,00:00:01
BNK/REPORT.PRINT.SOD,LB0010029,ENQ,FD.RENEWAL.REPORT,23:11:08,23:11:10,00:00:02
BNK/REPORT.PRINT.SOD,LB0010030,ENQ,FD.RENEWAL.REPORT,23:11:10,23:11:11,00:00:01
BNK/REPORT.PRINT.SOD,LB0010031,ENQ,FD.RENEWAL.REPORT,23:11:08,23:11:10,00:00:02
BNK/REPORT.PRINT.SOD,LB0010032,ENQ,FD.RENEWAL.REPORT,23:11:10,23:11:11,00:00:01
BNK/REPORT.PRINT.SOD,LB0010033,ENQ,FD.RENEWAL.REPORT,23:11:11,23:11:12,00:00:01
BNK/REPORT.PRINT.SOD,LB0010034,ENQ,FD.RENEWAL.REPORT,23:11:08,23:11:10,00:00:02
BNK/REPORT.PRINT.SOD,LB0010035,ENQ,FD.RENEWAL.REPORT,23:11:10,23:11:11,00:00:01
BNK/REPORT.PRINT.SOD,LB0010036,ENQ,FD.RENEWAL.REPORT,23:11:09,23:11:10,00:00:01
BNK/REPORT.PRINT.SOD,LB0010037,ENQ,FD.RENEWAL.REPORT,23:11:10,23:11:11,00:00:01
BNK/REPORT.PRINT.SOD,LB0010038,ENQ,FD.RENEWAL.REPORT,23:11:08,23:11:10,00:00:02
BNK/REPORT.PRINT.SOD,LB0010040,ENQ,FD.RENEWAL.REPORT,23:11:10,23:11:11,00:00:01
BNK/REPORT.PRINT.SOD,LB0010041,ENQ,FD.RENEWAL.REPORT,23:11:11,23:11:12,00:00:01
BNK/REPORT.PRINT.SOD,LB0010042,ENQ,FD.RENEWAL.REPORT,23:11:11,23:11:12,00:00:01
BNK/REPORT.PRINT.SOD,LB0010043,ENQ,FD.RENEWAL.REPORT,23:11:11,23:11:12,00:00:01
BNK/REPORT.PRINT.SOD,LB0010049,ENQ,FD.RENEWAL.REPORT,23:11:07,23:11:08,00:00:01
BNK/REPORT.PRINT.SOD,LB0010050,ENQ,FD.RENEWAL.REPORT,23:11:08,23:11:11,00:00:03
BNK/REPORT.PRINT.SOD,LB0010051,ENQ,FD.RENEWAL.REPORT,23:11:11,23:11:12,00:00:01
BNK/REPORT.PRINT.SOD,LB0010052,ENQ,FD.RENEWAL.REPORT,23:11:11,23:11:12,00:00:01
BNK/REPORT.PRINT.SOD,LB0010060,ENQ,FD.RENEWAL.REPORT,23:11:08,23:11:10,00:00:02
BNK/REPORT.PRINT.SOD,LB0010061,ENQ,FD.RENEWAL.REPORT,23:11:10,23:11:11,00:00:01
BNK/REPORT.PRINT.SOD,LB0010062,ENQ,FD.RENEWAL.REPORT,23:11:11,23:11:12,00:00:01
BNK/REPORT.PRINT.SOD,LB0010063,ENQ,FD.RENEWAL.REPORT,23:11:11,23:11:12,00:00:01
BNK/REPORT.PRINT.SOD,LB0010070,ENQ,FD.RENEWAL.REPORT,23:11:11,23:11:12,00:00:01
BNK/REPORT.PRINT.SOD,LB0010071,ENQ,FD.RENEWAL.REPORT,23:11:10,23:11:11,00:00:01
BNK/REPORT.PRINT.SOD,LB0010072,ENQ,FD.RENEWAL.REPORT,23:11:11,23:11:12,00:00:01
BNK/REPORT.PRINT.SOD,LB0010073,ENQ,FD.RENEWAL.REPORT,23:11:10,23:11:11,00:00:01
BNK/REPORT.PRINT.SOD,LB0010074,ENQ,FD.RENEWAL.REPORT,23:11:11,23:11:12,00:00:01
BNK/REPORT.PRINT.SOD,LB0010075,ENQ,FD.RENEWAL.REPORT,23:11:11,23:11:12,00:00:01
BNK/REPORT.PRINT.SOD,LB0010076,ENQ,FD.RENEWAL.REPORT,23:11:11,23:11:12,00:00:01
BNK/REPORT.PRINT.SYSTEM,LB0010001,RTN,EOD.REVAL.REP,21:58:43,21:58:45,00:00:02
BNK/REPORT.PRINT.SYSTEM,LB0010001,RTN,EOD.REVAL.REP.AL,21:58:43,21:58:44,00:00:01
BNK/REPORT.PRINT.SYSTEM,LB0010001,RTN,FX.POSITION.REPORT,21:58:43,21:58:44,00:00:01
BNK/REPORT.PRINT.SYSTEM,LB0010001,RTN,LIMIT.COMMODITY.EXP,21:58:43,21:58:43,00:00:00
BNK/REPORT.PRINT.SYSTEM,LB0010001,RTN,LIMIT.COUNTRY.EXP,21:58:34,21:58:34,00:00:00
BNK/REPORT.PRINT.SYSTEM,LB0010001,RTN,LIMIT.CURRENCY.EXP,21:58:34,21:58:34,00:00:00
BNK/REPORT.PRINT.SYSTEM,LB0010001,RTN,LIMIT.REP.CLL,21:58:34,21:58:34,00:00:00
BNK/REPORT.PRINT.SYSTEM,LB0010001,RTN,LIMIT.REP.EXPIRING,21:58:34,22:00:36,00:02:02
BNK/REPORT.PRINT.SYSTEM,LB0010001,RTN,LIMIT.REP.GENERAL,21:58:43,22:01:48,00:03:05
BNK/REPORT.PRINT.SYSTEM,LB0010001,RTN,SC.ADV.CHG.REP,21:58:43,21:58:44,00:00:01
BNK/REPORT.PRINT.SYSTEM,LB0010001,RTN,SC.ADV.FEES.REPORT,21:58:36,21:58:37,00:00:01
BNK/REPORT.PRINT.SYSTEM,LB0010001,RTN,SC.SAFE.FEES.REPORT,21:58:37,21:58:38,00:00:01
BNK/REPORT.PRINT.SYSTEM,LB0010001,RTN,SC.SAFEKEEP.REPS,21:58:38,21:58:39,00:00:01
BNK/REPORT.PRINT.SYSTEM,LB0010002,RTN,EOD.REVAL.REP,21:58:39,21:58:41,00:00:02
BNK/REPORT.PRINT.SYSTEM,LB0010002,RTN,EOD.REVAL.REP.AL,21:58:41,21:58:42,00:00:01
BNK/REPORT.PRINT.SYSTEM,LB0010002,RTN,FX.POSITION.REPORT,21:58:43,21:58:44,00:00:01
BNK/REPORT.PRINT.SYSTEM,LB0010003,RTN,EOD.REVAL.REP,21:58:34,21:58:36,00:00:02
BNK/REPORT.PRINT.SYSTEM,LB0010003,RTN,EOD.REVAL.REP.AL,21:58:36,21:58:37,00:00:01
BNK/REPORT.PRINT.SYSTEM,LB0010003,RTN,FX.POSITION.REPORT,21:58:37,21:58:38,00:00:01
BNK/REPORT.PRINT.SYSTEM,LB0010004,RTN,EOD.REVAL.REP,21:58:38,21:58:40,00:00:02
BNK/REPORT.PRINT.SYSTEM,LB0010004,RTN,EOD.REVAL.REP.AL,21:58:40,21:58:40,00:00:00
BNK/REPORT.PRINT.SYSTEM,LB0010004,RTN,FX.POSITION.REPORT,21:58:43,21:58:44,00:00:01
BNK/REPORT.PRINT.SYSTEM,LB0010005,RTN,EOD.REVAL.REP,21:58:34,21:58:36,00:00:02
BNK/REPORT.PRINT.SYSTEM,LB0010005,RTN,EOD.REVAL.REP.AL,21:58:36,21:58:38,00:00:02
BNK/REPORT.PRINT.SYSTEM,LB0010005,RTN,FX.POSITION.REPORT,21:58:38,21:58:39,00:00:01
BNK/REPORT.PRINT.SYSTEM,LB0010006,RTN,EOD.REVAL.REP,21:58:39,21:58:41,00:00:02
BNK/REPORT.PRINT.SYSTEM,LB0010006,RTN,EOD.REVAL.REP.AL,21:58:41,21:58:42,00:00:01
BNK/REPORT.PRINT.SYSTEM,LB0010006,RTN,FX.POSITION.REPORT,21:58:42,21:58:43,00:00:01
BNK/REPORT.PRINT.SYSTEM,LB0010007,RTN,EOD.REVAL.REP,21:58:36,21:58:38,00:00:02
BNK/REPORT.PRINT.SYSTEM,LB0010007,RTN,EOD.REVAL.REP.AL,21:58:38,21:58:39,00:00:01
BNK/REPORT.PRINT.SYSTEM,LB0010007,RTN,FX.POSITION.REPORT,21:58:39,21:58:40,00:00:01
BNK/REPORT.PRINT.SYSTEM,LB0010008,RTN,EOD.REVAL.REP,21:58:40,21:58:42,00:00:02
BNK/REPORT.PRINT.SYSTEM,LB0010008,RTN,EOD.REVAL.REP.AL,21:58:42,21:58:43,00:00:01
BNK/REPORT.PRINT.SYSTEM,LB0010008,RTN,FX.POSITION.REPORT,21:58:43,21:58:43,00:00:00
BNK/REPORT.PRINT.SYSTEM,LB0010009,RTN,EOD.REVAL.REP,21:58:34,21:58:36,00:00:02
BNK/REPORT.PRINT.SYSTEM,LB0010009,RTN,EOD.REVAL.REP.AL,21:58:36,21:58:37,00:00:01
BNK/REPORT.PRINT.SYSTEM,LB0010009,RTN,FX.POSITION.REPORT,21:58:37,21:58:38,00:00:01
BNK/REPORT.PRINT.SYSTEM,LB0010010,RTN,EOD.REVAL.REP,21:58:38,21:58:41,00:00:03
BNK/REPORT.PRINT.SYSTEM,LB0010010,RTN,EOD.REVAL.REP.AL,21:58:40,21:58:42,00:00:02
BNK/REPORT.PRINT.SYSTEM,LB0010010,RTN,FX.POSITION.REPORT,21:58:42,21:58:42,00:00:00
BNK/REPORT.PRINT.SYSTEM,LB0010011,RTN,EOD.REVAL.REP,21:58:42,21:58:43,00:00:01
BNK/REPORT.PRINT.SYSTEM,LB0010011,RTN,EOD.REVAL.REP.AL,21:58:42,21:58:42,00:00:00
BNK/REPORT.PRINT.SYSTEM,LB0010011,RTN,FX.POSITION.REPORT,21:58:42,21:58:43,00:00:01
BNK/REPORT.PRINT.SYSTEM,LB0010012,RTN,EOD.REVAL.REP,21:58:42,21:58:43,00:00:01
BNK/REPORT.PRINT.SYSTEM,LB0010012,RTN,EOD.REVAL.REP.AL,21:58:42,21:58:43,00:00:01
BNK/REPORT.PRINT.SYSTEM,LB0010012,RTN,FX.POSITION.REPORT,21:58:33,21:58:34,00:00:01
BNK/REPORT.PRINT.SYSTEM,LB0010013,RTN,EOD.REVAL.REP,21:58:34,21:58:36,00:00:02
BNK/REPORT.PRINT.SYSTEM,LB0010013,RTN,EOD.REVAL.REP.AL,21:58:36,21:58:37,00:00:01
BNK/REPORT.PRINT.SYSTEM,LB0010013,RTN,FX.POSITION.REPORT,21:58:37,21:58:38,00:00:01
BNK/REPORT.PRINT.SYSTEM,LB0010014,RTN,EOD.REVAL.REP,21:58:38,21:58:40,00:00:02
BNK/REPORT.PRINT.SYSTEM,LB0010014,RTN,EOD.REVAL.REP.AL,21:58:42,21:58:43,00:00:01
BNK/REPORT.PRINT.SYSTEM,LB0010014,RTN,FX.POSITION.REPORT,21:58:34,21:58:35,00:00:01
BNK/REPORT.PRINT.SYSTEM,LB0010015,RTN,EOD.REVAL.REP,21:58:35,21:58:37,00:00:02
BNK/REPORT.PRINT.SYSTEM,LB0010015,RTN,EOD.REVAL.REP.AL,21:58:37,21:58:38,00:00:01
BNK/REPORT.PRINT.SYSTEM,LB0010015,RTN,FX.POSITION.REPORT,21:58:38,21:58:39,00:00:01
BNK/REPORT.PRINT.SYSTEM,LB0010016,RTN,EOD.REVAL.REP,21:58:39,21:58:41,00:00:02
BNK/REPORT.PRINT.SYSTEM,LB0010016,RTN,EOD.REVAL.REP.AL,21:58:42,21:58:42,00:00:00
BNK/REPORT.PRINT.SYSTEM,LB0010016,RTN,FX.POSITION.REPORT,21:58:39,21:58:39,00:00:00
BNK/REPORT.PRINT.SYSTEM,LB0010017,RTN,EOD.REVAL.REP,21:58:39,21:58:41,00:00:02
BNK/REPORT.PRINT.SYSTEM,LB0010017,RTN,EOD.REVAL.REP.AL,21:58:41,21:58:42,00:00:01
BNK/REPORT.PRINT.SYSTEM,LB0010017,RTN,FX.POSITION.REPORT,21:58:42,21:58:43,00:00:01
BNK/REPORT.PRINT.SYSTEM,LB0010018,RTN,EOD.REVAL.REP,21:58:42,21:58:43,00:00:01
BNK/REPORT.PRINT.SYSTEM,LB0010018,RTN,EOD.REVAL.REP.AL,21:58:42,21:58:43,00:00:01
BNK/REPORT.PRINT.SYSTEM,LB0010018,RTN,FX.POSITION.REPORT,21:58:35,21:58:36,00:00:01
BNK/REPORT.PRINT.SYSTEM,LB0010019,RTN,EOD.REVAL.REP,21:58:36,21:58:38,00:00:02
BNK/REPORT.PRINT.SYSTEM,LB0010019,RTN,EOD.REVAL.REP.AL,21:58:38,21:58:39,00:00:01
BNK/REPORT.PRINT.SYSTEM,LB0010019,RTN,FX.POSITION.REPORT,21:58:39,21:58:41,00:00:02
BNK/REPORT.PRINT.SYSTEM,LB0010020,RTN,EOD.REVAL.REP,21:58:41,21:58:42,00:00:01
BNK/REPORT.PRINT.SYSTEM,LB0010020,RTN,EOD.REVAL.REP.AL,21:58:42,21:58:43,00:00:01
BNK/REPORT.PRINT.SYSTEM,LB0010020,RTN,FX.POSITION.REPORT,21:58:34,21:58:35,00:00:01
BNK/REPORT.PRINT.SYSTEM,LB0010021,RTN,EOD.REVAL.REP,21:58:35,21:58:37,00:00:02
BNK/REPORT.PRINT.SYSTEM,LB0010021,RTN,EOD.REVAL.REP.AL,21:58:37,21:58:38,00:00:01
BNK/REPORT.PRINT.SYSTEM,LB0010021,RTN,FX.POSITION.REPORT,21:58:38,21:58:39,00:00:01
BNK/REPORT.PRINT.SYSTEM,LB0010022,RTN,EOD.REVAL.REP,21:58:39,21:58:42,00:00:03
BNK/REPORT.PRINT.SYSTEM,LB0010022,RTN,EOD.REVAL.REP.AL,21:58:33,21:58:34,00:00:01
BNK/REPORT.PRINT.SYSTEM,LB0010022,RTN,FX.POSITION.REPORT,21:58:34,21:58:35,00:00:01
BNK/REPORT.PRINT.SYSTEM,LB0010023,RTN,EOD.REVAL.REP,21:58:35,21:58:38,00:00:03
BNK/REPORT.PRINT.SYSTEM,LB0010023,RTN,EOD.REVAL.REP.AL,21:58:38,21:58:39,00:00:01
BNK/REPORT.PRINT.SYSTEM,LB0010023,RTN,FX.POSITION.REPORT,21:58:39,21:58:40,00:00:01
BNK/REPORT.PRINT.SYSTEM,LB0010024,RTN,EOD.REVAL.REP,21:58:42,21:58:43,00:00:01
BNK/REPORT.PRINT.SYSTEM,LB0010024,RTN,EOD.REVAL.REP.AL,21:58:35,21:58:36,00:00:01
BNK/REPORT.PRINT.SYSTEM,LB0010024,RTN,FX.POSITION.REPORT,21:58:36,21:58:37,00:00:01
BNK/REPORT.PRINT.SYSTEM,LB0010025,RTN,EOD.REVAL.REP,21:58:37,21:58:39,00:00:02
BNK/REPORT.PRINT.SYSTEM,LB0010025,RTN,EOD.REVAL.REP.AL,21:58:39,21:58:40,00:00:01
BNK/REPORT.PRINT.SYSTEM,LB0010025,RTN,FX.POSITION.REPORT,21:58:40,21:58:41,00:00:01
BNK/REPORT.PRINT.SYSTEM,LB0010026,RTN,EOD.REVAL.REP,21:58:42,21:58:43,00:00:01
BNK/REPORT.PRINT.SYSTEM,LB0010026,RTN,EOD.REVAL.REP.AL,21:58:35,21:58:36,00:00:01
BNK/REPORT.PRINT.SYSTEM,LB0010026,RTN,FX.POSITION.REPORT,21:58:36,21:58:37,00:00:01
BNK/REPORT.PRINT.SYSTEM,LB0010027,RTN,EOD.REVAL.REP,21:58:37,21:58:39,00:00:02
BNK/REPORT.PRINT.SYSTEM,LB0010027,RTN,EOD.REVAL.REP.AL,21:58:39,21:58:41,00:00:02
BNK/REPORT.PRINT.SYSTEM,LB0010027,RTN,FX.POSITION.REPORT,21:58:41,21:58:41,00:00:00
BNK/REPORT.PRINT.SYSTEM,LB0010028,RTN,EOD.REVAL.REP,21:58:42,21:58:43,00:00:01
BNK/REPORT.PRINT.SYSTEM,LB0010028,RTN,EOD.REVAL.REP.AL,21:58:33,21:58:34,00:00:01
BNK/REPORT.PRINT.SYSTEM,LB0010028,RTN,FX.POSITION.REPORT,21:58:34,21:58:35,00:00:01
BNK/REPORT.PRINT.SYSTEM,LB0010029,RTN,EOD.REVAL.REP,21:58:35,21:58:37,00:00:02
BNK/REPORT.PRINT.SYSTEM,LB0010029,RTN,EOD.REVAL.REP.AL,21:58:37,21:58:39,00:00:02
BNK/REPORT.PRINT.SYSTEM,LB0010029,RTN,FX.POSITION.REPORT,21:58:39,21:58:40,00:00:01
BNK/REPORT.PRINT.SYSTEM,LB0010030,RTN,EOD.REVAL.REP,21:58:40,21:58:42,00:00:02
BNK/REPORT.PRINT.SYSTEM,LB0010030,RTN,EOD.REVAL.REP.AL,21:58:34,21:58:35,00:00:01
BNK/REPORT.PRINT.SYSTEM,LB0010030,RTN,FX.POSITION.REPORT,21:58:35,21:58:36,00:00:01
BNK/REPORT.PRINT.SYSTEM,LB0010031,RTN,EOD.REVAL.REP,21:58:36,21:58:39,00:00:03
BNK/REPORT.PRINT.SYSTEM,LB0010031,RTN,EOD.REVAL.REP.AL,21:58:39,21:58:40,00:00:01
BNK/REPORT.PRINT.SYSTEM,LB0010031,RTN,FX.POSITION.REPORT,21:58:40,21:58:41,00:00:01
BNK/REPORT.PRINT.SYSTEM,LB0010032,RTN,EOD.REVAL.REP,21:58:42,21:58:44,00:00:02
BNK/REPORT.PRINT.SYSTEM,LB0010032,RTN,EOD.REVAL.REP.AL,21:58:37,21:58:38,00:00:01
BNK/REPORT.PRINT.SYSTEM,LB0010032,RTN,FX.POSITION.REPORT,21:58:38,21:58:39,00:00:01
BNK/REPORT.PRINT.SYSTEM,LB0010033,RTN,EOD.REVAL.REP,21:58:39,21:58:41,00:00:02
BNK/REPORT.PRINT.SYSTEM,LB0010033,RTN,EOD.REVAL.REP.AL,21:58:40,21:58:40,00:00:00
BNK/REPORT.PRINT.SYSTEM,LB0010033,RTN,FX.POSITION.REPORT,21:58:40,21:58:42,00:00:02
BNK/REPORT.PRINT.SYSTEM,LB0010034,RTN,EOD.REVAL.REP,21:58:33,21:58:34,00:00:01
BNK/REPORT.PRINT.SYSTEM,LB0010034,RTN,EOD.REVAL.REP.AL,21:58:34,21:58:35,00:00:01
BNK/REPORT.PRINT.SYSTEM,LB0010034,RTN,FX.POSITION.REPORT,21:58:35,21:58:37,00:00:02
BNK/REPORT.PRINT.SYSTEM,LB0010035,RTN,EOD.REVAL.REP,21:58:37,21:58:39,00:00:02
BNK/REPORT.PRINT.SYSTEM,LB0010035,RTN,EOD.REVAL.REP.AL,21:58:39,21:58:40,00:00:01
BNK/REPORT.PRINT.SYSTEM,LB0010035,RTN,FX.POSITION.REPORT,21:58:42,21:58:43,00:00:01
BNK/REPORT.PRINT.SYSTEM,LB0010036,RTN,EOD.REVAL.REP,21:58:36,21:58:38,00:00:02
BNK/REPORT.PRINT.SYSTEM,LB0010036,RTN,EOD.REVAL.REP.AL,21:58:38,21:58:39,00:00:01
BNK/REPORT.PRINT.SYSTEM,LB0010036,RTN,FX.POSITION.REPORT,21:58:39,21:58:40,00:00:01
BNK/REPORT.PRINT.SYSTEM,LB0010037,RTN,EOD.REVAL.REP,21:58:40,21:58:42,00:00:02
BNK/REPORT.PRINT.SYSTEM,LB0010037,RTN,EOD.REVAL.REP.AL,21:58:41,21:58:42,00:00:01
BNK/REPORT.PRINT.SYSTEM,LB0010037,RTN,FX.POSITION.REPORT,21:58:41,21:58:42,00:00:01
BNK/REPORT.PRINT.SYSTEM,LB0010038,RTN,EOD.REVAL.REP,21:58:35,21:58:37,00:00:02
BNK/REPORT.PRINT.SYSTEM,LB0010038,RTN,EOD.REVAL.REP.AL,21:58:37,21:58:38,00:00:01
BNK/REPORT.PRINT.SYSTEM,LB0010038,RTN,FX.POSITION.REPORT,21:58:38,21:58:39,00:00:01
BNK/REPORT.PRINT.SYSTEM,LB0010040,RTN,EOD.REVAL.REP,21:58:39,21:58:41,00:00:02
BNK/REPORT.PRINT.SYSTEM,LB0010040,RTN,EOD.REVAL.REP.AL,21:58:41,21:58:42,00:00:01
BNK/REPORT.PRINT.SYSTEM,LB0010040,RTN,FX.POSITION.REPORT,21:58:41,21:58:42,00:00:01
BNK/REPORT.PRINT.SYSTEM,LB0010041,RTN,EOD.REVAL.REP,21:58:34,21:58:36,00:00:02
BNK/REPORT.PRINT.SYSTEM,LB0010041,RTN,EOD.REVAL.REP.AL,21:58:36,21:58:37,00:00:01
BNK/REPORT.PRINT.SYSTEM,LB0010041,RTN,FX.POSITION.REPORT,21:58:37,21:58:38,00:00:01
BNK/REPORT.PRINT.SYSTEM,LB0010042,RTN,EOD.REVAL.REP,21:58:38,21:58:41,00:00:03
BNK/REPORT.PRINT.SYSTEM,LB0010042,RTN,EOD.REVAL.REP.AL,21:58:40,21:58:41,00:00:01
BNK/REPORT.PRINT.SYSTEM,LB0010042,RTN,FX.POSITION.REPORT,21:58:42,21:58:43,00:00:01
BNK/REPORT.PRINT.SYSTEM,LB0010043,RTN,EOD.REVAL.REP,21:58:34,21:58:36,00:00:02
BNK/REPORT.PRINT.SYSTEM,LB0010043,RTN,EOD.REVAL.REP.AL,21:58:36,21:58:37,00:00:01
BNK/REPORT.PRINT.SYSTEM,LB0010043,RTN,FX.POSITION.REPORT,21:58:37,21:58:38,00:00:01
BNK/REPORT.PRINT.SYSTEM,LB0010049,RTN,EOD.REVAL.REP,21:58:38,21:58:41,00:00:03
BNK/REPORT.PRINT.SYSTEM,LB0010049,RTN,EOD.REVAL.REP.AL,21:58:41,21:58:42,00:00:01
BNK/REPORT.PRINT.SYSTEM,LB0010049,RTN,FX.POSITION.REPORT,21:58:42,21:58:42,00:00:00
BNK/REPORT.PRINT.SYSTEM,LB0010050,RTN,EOD.REVAL.REP,21:58:34,21:58:36,00:00:02
BNK/REPORT.PRINT.SYSTEM,LB0010050,RTN,EOD.REVAL.REP.AL,21:58:36,21:58:37,00:00:01
BNK/REPORT.PRINT.SYSTEM,LB0010050,RTN,FX.POSITION.REPORT,21:58:37,21:58:38,00:00:01
BNK/REPORT.PRINT.SYSTEM,LB0010051,RTN,EOD.REVAL.REP,21:58:38,21:58:41,00:00:03
BNK/REPORT.PRINT.SYSTEM,LB0010051,RTN,EOD.REVAL.REP.AL,21:58:41,21:58:42,00:00:01
BNK/REPORT.PRINT.SYSTEM,LB0010051,RTN,FX.POSITION.REPORT,21:58:33,21:58:34,00:00:01
BNK/REPORT.PRINT.SYSTEM,LB0010052,RTN,EOD.REVAL.REP,21:58:34,21:58:36,00:00:02
BNK/REPORT.PRINT.SYSTEM,LB0010052,RTN,EOD.REVAL.REP.AL,21:58:36,21:58:38,00:00:02
BNK/REPORT.PRINT.SYSTEM,LB0010052,RTN,FX.POSITION.REPORT,21:58:38,21:58:39,00:00:01
BNK/REPORT.PRINT.SYSTEM,LB0010060,RTN,EOD.REVAL.REP,21:58:39,21:58:41,00:00:02
BNK/REPORT.PRINT.SYSTEM,LB0010060,RTN,EOD.REVAL.REP.AL,21:58:41,21:58:42,00:00:01
BNK/REPORT.PRINT.SYSTEM,LB0010060,RTN,FX.POSITION.REPORT,21:58:33,21:58:34,00:00:01
BNK/REPORT.PRINT.SYSTEM,LB0010061,RTN,EOD.REVAL.REP,21:58:34,21:58:36,00:00:02
BNK/REPORT.PRINT.SYSTEM,LB0010061,RTN,EOD.REVAL.REP.AL,21:58:36,21:58:38,00:00:02
BNK/REPORT.PRINT.SYSTEM,LB0010061,RTN,FX.POSITION.REPORT,21:58:38,21:58:39,00:00:01
BNK/REPORT.PRINT.SYSTEM,LB0010062,RTN,EOD.REVAL.REP,21:58:39,21:58:41,00:00:02
BNK/REPORT.PRINT.SYSTEM,LB0010062,RTN,EOD.REVAL.REP.AL,21:58:40,21:58:41,00:00:01
BNK/REPORT.PRINT.SYSTEM,LB0010062,RTN,FX.POSITION.REPORT,21:58:36,21:58:37,00:00:01
BNK/REPORT.PRINT.SYSTEM,LB0010063,RTN,EOD.REVAL.REP,21:58:37,21:58:39,00:00:02
BNK/REPORT.PRINT.SYSTEM,LB0010063,RTN,EOD.REVAL.REP.AL,21:58:39,21:58:40,00:00:01
BNK/REPORT.PRINT.SYSTEM,LB0010063,RTN,FX.POSITION.REPORT,21:58:40,21:58:41,00:00:01
BNK/REPORT.PRINT.SYSTEM,LB0010070,RTN,EOD.REVAL.REP,21:58:41,21:58:43,00:00:02
BNK/REPORT.PRINT.SYSTEM,LB0010070,RTN,EOD.REVAL.REP.AL,21:58:41,21:58:42,00:00:01
BNK/REPORT.PRINT.SYSTEM,LB0010070,RTN,FX.POSITION.REPORT,21:58:35,21:58:36,00:00:01
BNK/REPORT.PRINT.SYSTEM,LB0010071,RTN,EOD.REVAL.REP,21:58:36,21:58:38,00:00:02
BNK/REPORT.PRINT.SYSTEM,LB0010071,RTN,EOD.REVAL.REP.AL,21:58:38,21:58:39,00:00:01
BNK/REPORT.PRINT.SYSTEM,LB0010071,RTN,FX.POSITION.REPORT,21:58:39,21:58:40,00:00:01
BNK/REPORT.PRINT.SYSTEM,LB0010072,RTN,EOD.REVAL.REP,21:58:40,21:58:42,00:00:02
BNK/REPORT.PRINT.SYSTEM,LB0010072,RTN,EOD.REVAL.REP.AL,21:58:41,21:58:42,00:00:01
BNK/REPORT.PRINT.SYSTEM,LB0010072,RTN,FX.POSITION.REPORT,21:58:34,21:58:35,00:00:01
BNK/REPORT.PRINT.SYSTEM,LB0010073,RTN,EOD.REVAL.REP,21:58:35,21:58:38,00:00:03
BNK/REPORT.PRINT.SYSTEM,LB0010073,RTN,EOD.REVAL.REP.AL,21:58:38,21:58:38,00:00:00
BNK/REPORT.PRINT.SYSTEM,LB0010073,RTN,FX.POSITION.REPORT,21:58:38,21:58:39,00:00:01
BNK/REPORT.PRINT.SYSTEM,LB0010074,RTN,EOD.REVAL.REP,21:58:39,21:58:42,00:00:03
BNK/REPORT.PRINT.SYSTEM,LB0010074,RTN,EOD.REVAL.REP.AL,21:58:41,21:58:42,00:00:01
BNK/REPORT.PRINT.SYSTEM,LB0010074,RTN,FX.POSITION.REPORT,21:58:34,21:58:35,00:00:01
BNK/REPORT.PRINT.SYSTEM,LB0010075,RTN,EOD.REVAL.REP,21:58:35,21:58:37,00:00:02
BNK/REPORT.PRINT.SYSTEM,LB0010075,RTN,EOD.REVAL.REP.AL,21:58:37,21:58:38,00:00:01
BNK/REPORT.PRINT.SYSTEM,LB0010075,RTN,FX.POSITION.REPORT,21:58:38,21:58:39,00:00:01
BNK/REPORT.PRINT.SYSTEM,LB0010076,RTN,EOD.REVAL.REP,21:58:39,21:58:41,00:00:02
BNK/REPORT.PRINT.SYSTEM,LB0010076,RTN,EOD.REVAL.REP.AL,21:58:41,21:58:42,00:00:01
BNK/REPORT.PRINT.SYSTEM,LB0010076,RTN,FX.POSITION.REPORT,21:58:41,21:58:42,00:00:01
BNK/SC.EOD.REP,LB0010001,RTN,SC.TRADES.TODAY,22:05:08,22:05:09,00:00:01
BNK/TAM.BAL.VOSTRO.ACC,LB0010001,ENQ,TAM.E.BAL.VOSTRO.ACC,22:07:12,22:15:20,00:08:08
BNK/TAM.E.BAL.NOS.VOS.ACC,LB0010001,ENQ,TAM.E.BAL.NOS.VOS.ACC,22:26:58,22:32:34,00:05:36
BNK/TAM.E.BAL.VOSTRO.ACC,LB0010001,ENQ,TAM.E.BAL.VOSTRO.ACC,22:26:59,22:36:49,00:09:50
BNK/TAM.E.CCY.BORROW,LB0010001,ENQ,TAM.E.CCY.BORROW,19:54:00,19:54:03,00:00:03
BNK/TAM.E.CCY.PLACEMENT,LB0010001,ENQ,TAM.E.CCY.PLACEMENT,19:54:02,19:54:07,00:00:05
BNK/TAM.E.NOF.SAVING.AC.BOOK,LB0010001,ENQ,TAM.E.NOF.SAVING.AC.BOOK,23:13:45,23:13:46,00:00:01
BNK/TAM.E.OUT.LC.REPORT,LB0010001,ENQ,TAM.E.OUT.LC.REPORT,22:23:24,22:23:26,00:00:02
BNK/TAM.E.SWAP.DEAL,LB0010001,ENQ,TAM.E.SWAP.DEAL,22:23:26,22:23:27,00:00:01
BNK/TAM.E.SWAP.DEAL.BANKS,LB0010001,ENQ,TAM.E.SWAP.DEAL.BANKS,22:23:26,22:23:28,00:00:02
BNK/TAM.E.SWAP.DEAL.CLIENTS,LB0010001,ENQ,TAM.E.SWAP.DEAL.CLIENTS,22:23:27,22:23:28,00:00:01
BNK/TAM.E.TD.BILLS.BOND.BOOK.PORT,LB0010001,ENQ,TAM.E.TD.BILLS.OWN.BOOK,22:23:00,22:23:00,00:00:00
BNK/TAM.E.TD.BILLS.BOOK.PORT,LB0010001,ENQ,TAM.E.TD.BOOK.PORT,22:22:21,22:22:22,00:00:01
BNK/TAM.E.TD.BILLS.CUST.PORT,LB0010001,ENQ,TAM.E.TD.BILLS.CUST.PORT,22:23:00,22:23:01,00:00:01
BNK/TAM.E.TERM.EXC.POS.BANK,LB0010001,ENQ,TAM.E.TERM.EXC.POS.BANK,22:23:27,22:23:29,00:00:02
BNK/TAM.E.TERM.EXC.POS.CUST,LB0010001,ENQ,TAM.E.TERM.EXC.POS.CUST,22:23:27,22:23:29,00:00:02
BNK/TAM.E.TERM.EXCHANGE.POSITION,LB0010001,ENQ,TAM.E.TERM.EXCHANGE.POS,22:23:27,22:23:28,00:00:01
